name,host,radeg,dedeg,rproj,gmag,e_gmag,rimag,e_rimag,Mgmag,MVmag,e_MVmag,logMstar,e_logMstar,mu0V,e_mu0V,re,e_re,ETG,confirmed,Psat,filter,telescope,bad,dist,rearcsec,mueg,host_ra,host_dec,host_dist,host_alt_id,iso
NGC247,NGC253,11.7834,-20.757,282.2,9.44,0.08,8.96,0.09,-18.31,-18.6,0.09,9.41,0.13,21.27,0.11,4278.3,199.3,False,True,1.0,gr,DECALS,nan,3.56,247.882667341282,23.4167054853767,11.888058,-25.2888,3.56,NGC0253,1.0
dw0047m2623,NGC253,11.8939,-26.3898,68.5,18.89,0.11,18.33,0.11,-8.86,-9.19,0.11,5.77,0.14,26.59,0.15,453.9,39.8,True,True,1.0,gr,DECALS,nan,3.56,26.2987626539984,27.9951512597008,11.888058,-25.2888,3.56,NGC0253,1.0
dw0049m2100,NGC253,12.4537,-21.0167,267.9,15.07,0.09,14.89,0.09,-12.69,-12.79,0.09,6.62,0.13,23.2,0.11,627.1,31.8,False,True,1.0,gr,DECALS,nan,3.56,36.3338928819334,24.8770343391702,11.888058,-25.2888,3.56,NGC0253,1.0
dw0050m2444,NGC253,12.5749,-24.7367,51.7,18.22,0.1,17.95,0.1,-9.53,-9.7,0.1,5.53,0.13,27.91,0.13,1539.2,115.0,True,True,1.0,gr,DECALS,nan,3.56,89.1805533687288,29.976825495914,11.888058,-25.2888,3.56,NGC0253,1.0
dw0055m2309,NGC253,13.7538,-23.1688,169.0,17.49,0.09,17.14,0.1,-10.26,-10.47,0.1,5.95,0.13,23.75,0.12,279.1,18.1,False,True,1.0,gr,DECALS,nan,3.56,16.1709290184322,25.5391495357475,11.888058,-25.2888,3.56,NGC0253,1.0
dw0036m2828,NGC253,9.1273,-28.4701,250.4,18.67,0.11,18.47,0.11,-9.08,-9.21,0.11,5.23,0.13,24.39,0.14,311.7,25.8,False,False,0.05,gr,DECALS,nan,3.56,18.059758410935,26.9590343635886,11.888058,-25.2888,3.56,NGC0253,1.0
dw0132p1422,NGC628,23.2486,14.3736,284.7,16.05,0.09,15.85,0.09,-13.9,-14.02,0.09,7.14,0.13,22.02,0.11,715.4,38.7,False,True,1.0,gr,DECALS,nan,9.77,15.1035662359715,23.9508722042075,24.17393801526,15.78364097564,9.77,NGC0628,1.0
dw0133p1543,NGC628,23.4842,15.7314,113.5,19.94,0.14,19.38,0.13,-10.01,-10.34,0.14,6.22,0.15,23.93,0.2,214.4,25.6,True,True,1.0,gr,DECALS,nan,9.77,4.52642522541234,25.2242514337789,24.17393801526,15.78364097564,9.77,NGC0628,1.0
dw0134p1544,NGC628,23.5537,15.7463,102.0,17.57,0.1,17.07,0.1,-12.38,-12.68,0.1,7.07,0.13,24.0,0.12,1078.1,65.9,True,True,1.0,gr,DECALS,nan,9.77,22.7609095918528,26.3614227504096,24.17393801526,15.78364097564,9.77,NGC0628,1.0
dw0134p1438,NGC628,23.6741,14.6444,210.9,17.06,0.09,16.86,0.1,-12.89,-13.01,0.09,6.74,0.13,21.73,0.12,497.9,30.2,False,True,1.0,gr,DECALS,nan,9.77,10.5116936480574,24.1738381585212,24.17393801526,15.78364097564,9.77,NGC0628,1.0
dw0136p1628,NGC628,24.0842,16.4701,118.0,17.75,0.1,17.19,0.1,-12.2,-12.52,0.1,7.1,0.13,22.5,0.13,336.7,22.6,True,True,1.0,gr,DECALS,nan,9.77,7.10842991155609,24.0143431101045,24.17393801526,15.78364097564,9.77,NGC0628,1.0
dw0137p1537,NGC628,24.3236,15.6329,35.5,17.86,0.1,17.24,0.1,-12.09,-12.45,0.1,7.18,0.13,22.59,0.13,380.2,26.4,True,True,1.0,gr,DECALS,nan,9.77,8.02680443147995,24.3881880905747,24.17393801526,15.78364097564,9.77,NGC0628,1.0
dw0137p1607,NGC628,24.4156,16.132,71.5,20.2,0.14,19.57,0.13,-9.75,-10.12,0.15,6.24,0.16,25.96,0.21,489.2,64.2,True,True,1.0,gr,DECALS,nan,9.77,10.3280187442939,27.2755597690303,24.17393801526,15.78364097564,9.77,NGC0628,1.0
dw0138p1458,NGC628,24.5024,14.9825,146.9,16.98,0.09,16.61,0.09,-12.97,-13.19,0.09,7.06,0.13,22.42,0.12,349.5,21.0,False,True,1.0,gr,DECALS,nan,9.77,7.37866425308182,23.325363428506,24.17393801526,15.78364097564,9.77,NGC0628,1.0
UGC1171,NGC628,24.9366,15.8993,126.7,15.71,0.09,15.45,0.09,-14.24,-14.4,0.09,7.38,0.13,22.36,0.11,840.5,44.3,False,True,1.0,gr,DECALS,nan,9.77,17.7446846697027,23.9608161125442,24.17393801526,15.78364097564,9.77,NGC0628,1.0
dw0139p1433,NGC628,24.9611,14.5563,246.2,17.89,0.1,17.59,0.1,-12.06,-12.24,0.1,6.59,0.13,22.25,0.13,258.9,18.1,False,True,1.0,gr,DECALS,nan,9.77,5.46591180397884,23.5837877806898,24.17393801526,15.78364097564,9.77,NGC0628,1.0
dw0140p1556,NGC628,25.0395,15.9394,144.5,18.64,0.11,18.47,0.11,-11.31,-11.41,0.11,6.05,0.13,24.03,0.14,449.5,36.9,False,True,1.0,gr,DECALS,nan,9.77,9.48987004530715,25.5317760078378,24.17393801526,15.78364097564,9.77,NGC0628,1.0
UGC1176,NGC628,25.043,15.9054,144.1,14.24,0.09,13.86,0.09,-15.71,-15.93,0.09,8.18,0.13,23.44,0.11,2350.7,115.3,False,True,1.0,gr,DECALS,nan,9.77,49.6281136835928,24.7241135237329,24.17393801526,15.78364097564,9.77,NGC0628,1.0
dw0143p1541,NGC628,25.9012,15.6937,284.0,15.75,0.09,15.35,0.09,-14.2,-14.44,0.09,7.62,0.13,24.46,0.11,1437.6,76.0,False,True,1.0,gr,DECALS,nan,9.77,30.3506943009981,25.1663178338565,24.17393801526,15.78364097564,9.77,NGC0628,1.0
dw0141p1651,NGC628,25.4173,16.8721,275.5,18.14,0.1,17.68,0.1,-11.81,-12.08,0.1,6.77,0.13,23.06,0.13,473.4,34.7,False,False,0.3,gr,DECALS,nan,9.77,9.99444822937121,25.1442687952897,24.17393801526,15.78364097564,9.77,NGC0628,1.0
dw0221p4221,NGC891,35.301,42.364,39.9,17.28,0.09,16.79,0.1,-12.52,-12.8,0.1,7.11,0.13,22.58,0.12,513.0,31.9,True,True,1.0,gr,CFHT,nan,9.12,11.6023953391623,24.6082129792444,35.637112,42.348319,9.12,NGC0891,1.0
UGC1807,NGC891,35.3058,42.7629,76.6,13.86,0.09,13.52,0.09,-15.94,-16.14,0.09,8.2,0.12,21.48,0.11,1617.4,78.5,False,True,1.0,gr,CFHT,nan,9.12,36.5803392682547,23.681713327083,35.637112,42.348319,9.12,NGC0891,1.0
dw0222p4242,NGC891,35.7298,42.7123,58.8,17.13,0.09,16.76,0.1,-12.67,-12.89,0.1,6.96,0.13,24.5,0.12,1138.2,69.6,True,True,1.0,gr,CFHT,nan,9.12,25.7423904881074,26.188719051063,35.637112,42.348319,9.12,NGC0891,1.0
dw0223p4314,NGC891,35.8921,43.2395,144.8,19.36,0.12,18.96,0.12,-10.44,-10.67,0.12,6.11,0.14,23.44,0.17,193.6,19.3,True,False,0.15,gr,CFHT,nan,9.12,4.3786037810789,24.5721529205112,35.637112,42.348319,9.12,NGC0891,1.0
dw0224p4158,NGC891,36.0968,41.9747,80.4,20.49,0.16,20.09,0.16,-9.31,-9.54,0.16,5.66,0.18,24.41,0.23,165.6,23.9,True,False,0.2,gr,CFHT,nan,9.12,3.74533463933828,25.3629278179812,35.637112,42.348319,9.12,NGC0891,1.0
dw0225p4153,NGC891,36.3192,41.8915,108.4,20.53,0.16,20.13,0.16,-9.27,-9.51,0.17,5.65,0.18,24.78,0.24,175.3,25.5,True,False,0.45,gr,CFHT,nan,9.12,3.96471716344988,25.5265357361771,35.637112,42.348319,9.12,NGC0891,1.0
dw0226p4206,NGC891,36.669,42.1111,127.2,20.44,0.16,20.04,0.16,-9.36,-9.6,0.16,5.68,0.17,24.01,0.23,150.3,21.3,True,False,0.1,gr,CFHT,nan,9.12,3.39929828685657,25.1024210587135,35.637112,42.348319,9.12,NGC0891,1.0
dw0235p3850,NGC1023,38.976,38.8362,164.0,16.82,0.15,16.21,0.14,-13.27,-13.51,0.15,7.25,0.12,21.18,0.1,532.8,86.4,False,True,1.0,gi,CFHT,nan,10.4,10.5671046800295,23.9452547300352,40.100056,39.06324,10.4,nan,1.0
IC239,NGC1023,39.1162,38.969,139.8,nan,nan,nan,nan,nan,-19.1,nan,9.32,nan,nan,nan,nan,nan,False,True,1.0,nan,nan,nan,10.4,nan,nan,40.100056,39.06324,10.4,nan,1.0
dw0237p3855,NGC1023,39.3276,38.9331,111.5,15.24,0.1,14.54,0.11,-14.84,-15.12,0.1,8.0,0.11,21.39,0.16,926.2,96.5,False,True,1.0,gi,CFHT,yes,10.4,18.3694676000953,23.5659575286723,40.100056,39.06324,10.4,nan,1.0
dw0237p3836,NGC1023,39.4144,38.6003,128.3,18.2,0.17,17.56,0.16,-11.89,-12.13,0.17,6.74,0.12,23.85,0.13,547.9,63.0,True,True,1.0,gi,CFHT,nan,10.4,10.8665853113683,25.3859401512883,40.100056,39.06324,10.4,nan,1.0
dw0239p3926,NGC1023,39.8325,39.4339,77.1,18.21,0.14,17.59,0.14,-11.87,-12.11,0.14,6.72,0.12,26.17,0.1,1129.4,103.8,True,True,1.0,gi,CFHT,nan,10.4,22.3995645442032,26.9666725595919,40.100056,39.06324,10.4,nan,1.0
dw0239p3903,NGC1023,39.8432,39.0554,36.2,20.62,0.49,20.05,0.34,-9.47,-9.69,0.49,5.69,0.16,25.06,0.28,335.5,44.0,True,True,1.0,gi,CFHT,nan,10.4,6.6540233146053,26.7408962728955,40.100056,39.06324,10.4,nan,1.0
dw0239p3902,NGC1023,39.946,39.0473,21.9,20.58,0.09,19.76,0.08,-9.51,-9.82,0.09,6.03,0.15,24.72,0.07,284.5,15.8,True,True,1.0,gi,CFHT,nan,10.4,5.64253243871739,26.3428450042375,40.100056,39.06324,10.4,nan,1.0
UGC2157,NGC1023,40.1044,38.563,90.8,14.24,0.03,13.59,0.03,-15.84,-16.11,0.03,8.35,0.1,21.17,0.08,1519.9,41.6,False,True,1.0,gi,CFHT,nan,10.4,30.1444112291369,23.6415087106616,40.100056,39.06324,10.4,nan,1.0
dw0240p3854,NGC1023,40.1374,38.9004,30.0,16.78,0.03,16.37,0.04,-13.3,-13.47,0.03,7.01,0.1,21.09,0.03,318.8,3.3,False,True,1.0,gi,CFHT,nan,10.4,6.32280963567095,22.790025214064,40.100056,39.06324,10.4,nan,1.0
dw0240p3903,NGC1023,40.1544,39.0593,7.7,14.91,0.09,12.23,0.09,-15.18,-15.48,0.09,8.21,0.12,21.97,0.09,2047.4,0.1,False,True,1.0,gi,CFHT,yes,10.4,40.6063998898721,24.958447117825,40.100056,39.06324,10.4,nan,1.0
dw0240p3922,NGC1023,40.1649,39.3792,58.1,16.68,0.07,16.43,0.08,-13.41,-13.52,0.07,6.84,0.11,22.45,0.05,642.2,53.4,False,True,1.0,gi,CFHT,yes,10.4,12.7368517695694,24.2107851545162,40.100056,39.06324,10.4,nan,1.0
dw0241p3904,NGC1023,40.2512,39.0727,21.4,15.56,0.03,15.15,0.03,-14.53,-14.69,0.03,7.49,0.1,22.64,0.02,980.6,25.9,False,True,1.0,gi,CFHT,yes,10.4,19.4483911929335,24.0098930892395,40.100056,39.06324,10.4,nan,1.0
UGC2165,NGC1023,40.3145,38.7441,65.4,14.04,0.04,13.15,0.04,-16.05,-16.38,0.04,8.72,0.12,21.05,0.01,1484.5,40.3,True,True,1.0,gi,CFHT,nan,10.4,29.4423175763677,23.3903346460363,40.100056,39.06324,10.4,nan,1.0
dw0242p3838,NGC1023,40.6028,38.6352,105.3,20.6,0.17,20.62,0.19,-9.49,-9.48,0.17,4.93,0.16,25.51,0.17,259.9,0.2,True,True,1.0,gi,CFHT,yes,10.4,5.15463683965967,26.1664650481767,40.100056,39.06324,10.4,nan,1.0
dw0238p3805,NGC1023,39.6703,38.0849,187.8,16.89,0.07,16.37,0.06,-13.19,-13.41,0.07,7.11,0.11,23.08,0.21,614.7,27.5,False,False,0.9,gi,CFHT,yes,10.4,12.1914400242733,24.3257497141993,40.100056,39.06324,10.4,nan,1.0
dw0241p3829,NGC1023,40.4758,38.4983,115.5,19.71,0.13,19.14,0.14,-10.38,-10.61,0.13,6.04,0.12,23.86,0.05,260.6,30.1,True,False,0.35,gi,CFHT,nan,10.4,5.16852004776376,25.2823057075521,40.100056,39.06324,10.4,nan,1.0
dw0243p3915,NGC1023,40.979,39.2557,128.5,19.13,0.14,18.37,0.15,-10.96,-11.26,0.14,6.52,0.13,22.36,0.29,255.7,43.5,True,False,0.05,gi,CFHT,nan,10.4,5.07133759103414,24.6610872908179,40.100056,39.06324,10.4,nan,1.0
dw0309m4104,NGC1291,47.3549,-41.0826,235.7,19.19,0.12,18.64,0.11,-10.6,-10.92,0.12,6.44,0.14,24.25,0.16,365.0,34.7,True,True,1.0,gr,DECALS,nan,9.08,8.29148174445356,25.788635426125,49.327411,-41.107952,9.08,nan,1.0
dw0309m4101,NGC1291,47.4093,-41.0312,229.5,12.59,0.08,12.12,0.09,-17.2,-17.48,0.09,8.95,0.13,22.17,0.11,4122.2,196.2,False,True,1.0,gr,DECALS,nan,9.08,93.6414896362845,24.4528162506255,49.327411,-41.107952,9.08,nan,1.0
dw0310m4000,NGC1291,47.5432,-40.0035,277.2,15.61,0.09,15.4,0.09,-14.18,-14.31,0.09,7.29,0.13,23.0,0.11,934.1,48.9,False,True,1.0,gr,DECALS,nan,9.08,21.2193782858723,24.2491379577499,49.327411,-41.107952,9.08,nan,1.0
dw0315m4040,NGC1291,48.7908,-40.6674,95.0,18.13,0.1,17.56,0.1,-11.66,-12.0,0.1,6.91,0.13,24.88,0.13,763.2,55.8,True,True,1.0,gr,DECALS,nan,9.08,17.3371475503373,26.3303629083787,49.327411,-41.107952,9.08,nan,1.0
dw0317m4142,NGC1291,49.256,-41.7001,94.2,16.92,0.09,16.34,0.09,-12.87,-13.21,0.09,7.42,0.12,23.48,0.12,696.7,41.5,True,True,1.0,gr,DECALS,nan,9.08,15.8265077346188,24.9224001534236,49.327411,-41.107952,9.08,nan,1.0
dw0317m4058,NGC1291,49.3725,-40.9728,22.2,17.05,0.09,16.4,0.09,-12.74,-13.12,0.09,7.48,0.13,23.87,0.12,970.1,56.3,True,True,1.0,gr,DECALS,nan,9.08,22.037168257595,25.7712536196777,49.327411,-41.107952,9.08,nan,1.0
dw0317m4141,NGC1291,49.4083,-41.6962,93.7,17.15,0.09,16.68,0.09,-12.64,-12.92,0.1,7.13,0.13,24.61,0.12,1099.0,67.6,True,True,1.0,gr,DECALS,nan,9.08,24.9653106782617,26.142159556526,49.327411,-41.107952,9.08,nan,1.0
dw0318m4101,NGC1291,49.6796,-41.024,44.1,18.63,0.11,18.05,0.1,-11.16,-11.5,0.11,6.73,0.13,23.54,0.14,346.6,28.0,True,True,1.0,gr,DECALS,nan,9.08,7.87350019939654,25.116313895847,49.327411,-41.107952,9.08,nan,1.0
dw0318m4211,NGC1291,49.6961,-42.1993,178.4,20.35,0.15,19.82,0.15,-9.44,-9.75,0.16,5.94,0.17,25.52,0.22,334.5,45.8,True,True,1.0,gr,DECALS,nan,9.08,7.59863190070945,26.7591517145491,49.327411,-41.107952,9.08,nan,1.0
dw0319m4126,NGC1291,49.9305,-41.448,89.8,17.47,0.09,16.87,0.1,-12.32,-12.67,0.1,7.22,0.13,25.0,0.12,833.6,53.9,True,True,1.0,gr,DECALS,nan,9.08,18.9363812780303,25.8619596286888,49.327411,-41.107952,9.08,nan,1.0
dw0320m4048,NGC1291,50.1412,-40.8048,108.6,19.27,0.12,18.72,0.11,-10.52,-10.84,0.12,6.41,0.14,26.98,0.16,927.7,90.3,True,True,1.0,gr,DECALS,nan,9.08,21.0739934019399,27.8942088804438,49.327411,-41.107952,9.08,nan,1.0
dw0321m4159,NGC1291,50.3521,-41.9982,186.2,16.27,0.09,15.85,0.09,-13.52,-13.77,0.09,7.37,0.13,23.65,0.11,784.6,43.4,False,True,1.0,gr,DECALS,nan,9.08,17.8232782575642,24.5304126185753,49.327411,-41.107952,9.08,nan,1.0
dw0323m4040,NGC1291,50.8173,-40.6777,191.1,15.94,0.09,15.34,0.09,-13.85,-14.2,0.09,7.84,0.13,21.66,0.11,599.8,32.9,True,True,1.0,gr,DECALS,nan,9.08,13.6252897144338,23.6172034089713,49.327411,-41.107952,9.08,nan,1.0
dw0325m4113,NGC1291,51.4098,-41.2304,249.2,17.94,0.1,17.39,0.1,-11.85,-12.17,0.1,6.94,0.13,25.47,0.13,1009.3,71.1,True,True,1.0,gr,DECALS,nan,9.08,22.9276506704599,26.747272462335,49.327411,-41.107952,9.08,nan,1.0
dw0312m3955,NGC1291,48.038,-39.9179,244.4,20.87,0.18,20.46,0.18,-8.92,-9.16,0.18,5.52,0.2,26.54,0.27,716.4,118.3,True,False,0.65,gr,DECALS,nan,9.08,16.2740205824671,28.9329489863914,49.327411,-41.107952,9.08,nan,1.0
dw0315m4112,NGC1291,48.9422,-41.2017,48.3,20.03,0.14,19.43,0.13,-9.76,-10.11,0.14,6.21,0.16,26.82,0.2,941.0,115.9,True,False,0.55,gr,DECALS,nan,9.08,21.3761213638383,28.6851192143746,49.327411,-41.107952,9.08,nan,1.0
dw0316m4207,NGC1291,49.1818,-42.1284,162.6,20.9,0.18,20.48,0.18,-8.89,-9.13,0.19,5.54,0.21,25.47,0.27,569.1,95.1,True,False,0.55,gr,DECALS,nan,9.08,12.9278965948804,28.4631140302104,49.327411,-41.107952,9.08,nan,1.0
dw0321m4149,NGC1291,50.4853,-41.8184,177.7,20.35,0.15,20.07,0.16,-9.44,-9.6,0.16,5.5,0.17,26.11,0.22,504.9,69.1,False,False,0.65,gr,DECALS,nan,9.08,11.4695044677117,27.6531979562516,49.327411,-41.107952,9.08,nan,1.0
NGC1792,NGC1808,76.3077,-37.979,109.6,10.48,0.08,9.82,0.09,-19.36,-19.75,0.09,10.13,0.13,19.71,0.11,2807.3,131.7,False,True,1.0,gr,DECALS,nan,9.29,62.3301585524302,21.4589658398884,76.926429,-37.51305,9.29,nan,1.0
dw0506m3739,NGC1808,76.6002,-37.6499,47.5,19.83,0.13,19.28,0.13,-10.01,-10.33,0.14,6.22,0.15,24.68,0.19,364.2,42.0,True,True,1.0,gr,DECALS,nan,9.29,8.08629089307938,26.3742214838315,76.926429,-37.51305,9.29,nan,1.0
dw0507m3629,NGC1808,76.7765,-36.4834,168.0,18.73,0.11,18.22,0.11,-11.11,-11.41,0.11,6.57,0.13,24.18,0.15,463.4,39.0,True,True,1.0,gr,DECALS,nan,9.29,10.288817129777,25.7973019231182,76.926429,-37.51305,9.29,nan,1.0
dw0507m3739,NGC1808,76.853,-37.6518,24.4,17.84,0.1,17.29,0.1,-12.0,-12.32,0.1,7.0,0.13,24.4,0.13,723.3,52.2,True,True,1.0,gr,DECALS,nan,9.29,16.0593470459705,25.8741140987473,76.926429,-37.51305,9.29,nan,1.0
dw0507m3744,NGC1808,76.9674,-37.7385,37.0,16.92,0.09,16.37,0.09,-12.92,-13.24,0.09,7.38,0.13,21.3,0.12,260.2,15.5,True,True,1.0,gr,DECALS,nan,9.29,5.77719080424758,22.7340582382094,76.926429,-37.51305,9.29,nan,1.0
dw0507m3800,NGC1808,76.9808,-38.0125,81.4,17.96,0.1,17.43,0.1,-11.88,-12.19,0.1,6.92,0.13,22.89,0.13,367.6,26.0,False,True,1.0,gr,DECALS,nan,9.29,8.16178070364474,24.5243992900865,76.926429,-37.51305,9.29,nan,1.0
dw0508m3818,NGC1808,77.0318,-38.3098,130.0,11.81,0.08,11.43,0.09,-18.03,-18.26,0.09,9.12,0.13,20.36,0.11,11800.3,558.5,False,True,1.0,gr,DECALS,nan,9.29,262.000568796863,25.906985852553,76.926429,-37.51305,9.29,nan,1.0
dw0508m3617,NGC1808,77.1269,-36.2869,200.5,19.47,0.12,18.94,0.12,-10.37,-10.68,0.13,6.31,0.14,23.94,0.17,381.5,39.3,True,True,1.0,gr,DECALS,nan,9.29,8.47040081152134,26.1149944878833,76.926429,-37.51305,9.29,nan,1.0
dw0508m3808,NGC1808,77.1369,-38.1405,105.3,16.82,0.09,16.25,0.09,-13.02,-13.35,0.09,7.45,0.13,21.7,0.12,410.1,24.1,True,True,1.0,gr,DECALS,nan,9.29,9.10540333552072,23.6219706226763,76.926429,-37.51305,9.29,nan,1.0
NGC1827,NGC1808,77.5208,-36.9611,117.8,12.73,0.08,12.24,0.09,-17.11,-17.4,0.09,8.95,0.13,20.34,0.11,1978.9,94.3,False,True,1.0,gr,DECALS,nan,9.29,43.9372894411949,22.9496409873248,76.926429,-37.51305,9.29,nan,1.0
dw0502m3845,NGC1808,75.6394,-38.7649,261.2,19.23,0.12,19.04,0.12,-10.61,-10.73,0.12,5.82,0.14,24.0,0.16,274.5,26.4,False,False,0.45,gr,DECALS,nan,9.29,6.09469206656083,25.160233520948,76.926429,-37.51305,9.29,nan,1.0
dw0506m3800,NGC1808,76.5346,-38.0103,95.0,19.85,0.13,19.37,0.13,-9.99,-10.27,0.14,6.09,0.15,24.07,0.19,229.1,26.6,True,False,0.2,gr,DECALS,nan,9.29,5.08668106583748,25.3876472231562,76.926429,-37.51305,9.29,nan,1.0
dw0507m3733,NGC1808,76.8724,-37.5541,9.7,21.14,0.19,20.51,0.18,-8.7,-9.07,0.2,5.83,0.23,26.6,0.3,337.3,61.6,True,False,0.65,gr,DECALS,nan,9.29,7.48903327411989,27.5176034826412,76.926429,-37.51305,9.29,nan,1.0
dw0510m3717,NGC1808,77.7102,-37.2859,107.5,20.69,0.17,20.16,0.16,-9.15,-9.46,0.17,5.83,0.18,25.25,0.25,285.3,44.1,True,False,0.55,gr,DECALS,nan,9.29,6.33448322968744,26.7040306352521,76.926429,-37.51305,9.29,nan,1.0
dw0848p3226,NGC2683,132.166,32.4442,212.2,20.01,0.14,19.3,0.13,-9.86,-10.27,0.14,6.42,0.16,26.75,0.2,747.4,91.3,True,True,1.0,gr,DECALS,nan,9.4,16.4002463685331,28.0897265426113,133.17211034566,33.42183268931,9.4,nan,1.0
dw0852p3347,NGC2683,133.2006,33.799,61.8,16.37,0.09,16.04,0.09,-13.5,-13.69,0.09,7.22,0.13,25.62,0.11,2394.3,133.6,False,True,1.0,gr,DECALS,nan,9.4,52.5382781826716,26.9778538602991,133.17211034566,33.42183268931,9.4,nan,1.0
dw0853p3318,NGC2683,133.3617,33.3052,32.4,18.4,0.1,18.02,0.1,-11.47,-11.69,0.11,6.48,0.13,23.54,0.14,499.7,38.8,False,True,1.0,gr,DECALS,nan,9.4,10.9649493175089,25.6055078247866,133.17211034566,33.42183268931,9.4,nan,1.0
dw0855p3336,NGC2683,133.7936,33.6155,90.7,18.7,0.11,18.15,0.1,-11.16,-11.48,0.11,6.67,0.13,24.16,0.14,587.6,49.1,True,True,1.0,gr,DECALS,nan,9.4,12.8937446800985,26.2573700123818,133.17211034566,33.42183268931,9.4,nan,1.0
dw0855p3333,NGC2683,133.8454,33.5572,94.8,16.68,0.09,16.11,0.09,-13.18,-13.52,0.09,7.51,0.13,24.44,0.11,1004.0,58.3,True,True,1.0,gr,DECALS,nan,9.4,22.0308366685731,25.4006296354067,133.17211034566,33.42183268931,9.4,nan,1.0
dw0856p3155,NGC2683,134.108,31.9172,278.9,18.95,0.11,18.38,0.11,-10.91,-11.25,0.12,6.61,0.13,24.32,0.15,437.5,39.0,True,True,1.0,gr,DECALS,nan,9.4,9.6000907093558,25.8668513648428,133.17211034566,33.42183268931,9.4,nan,1.0
dw0846p3300,NGC2683,131.5588,32.9974,232.2,18.34,0.1,17.7,0.1,-11.52,-11.9,0.11,6.98,0.13,26.71,0.14,1747.7,134.0,True,False,0.9,gr,DECALS,nan,9.4,38.349893374917,28.2642954857745,133.17211034566,33.42183268931,9.4,nan,1.0
dw0846p3348,NGC2683,131.6301,33.8106,220.0,18.42,0.1,17.9,0.1,-11.44,-11.75,0.11,6.75,0.14,25.57,0.14,910.2,71.1,True,False,0.95,gr,DECALS,nan,9.4,19.9725772403563,26.9276452286844,133.17211034566,33.42183268931,9.4,nan,1.0
dw0852p3249,NGC2683,133.1987,32.8288,97.6,20.29,0.15,19.72,0.14,-9.58,-9.91,0.15,6.06,0.17,24.98,0.22,352.8,47.3,True,False,0.7,gr,DECALS,nan,9.4,7.74151314997941,26.7396039608984,133.17211034566,33.42183268931,9.4,nan,1.0
dw0854p3314,NGC2683,133.5854,33.2493,63.5,19.1,0.11,18.47,0.11,-10.77,-11.13,0.12,6.65,0.14,25.45,0.16,598.4,55.4,True,False,0.9,gr,DECALS,nan,9.4,13.1307297756946,26.6969190009678,133.17211034566,33.42183268931,9.4,nan,1.0
dw0929p2213,NGC2903,142.4777,22.2181,139.5,20.59,0.16,20.17,0.16,-9.18,-9.42,0.17,5.64,0.18,25.77,0.24,415.9,62.0,False,True,1.0,gr,DECALS,nan,9.0,9.53172587301148,27.4913324007,143.042129,21.500831,9.0,nan,1.0
dw0930p1959,NGC2903,142.554,19.9913,247.8,16.65,0.09,16.28,0.09,-13.12,-13.34,0.09,7.13,0.13,23.61,0.11,556.5,32.0,False,True,1.0,gr,DECALS,nan,9.0,12.7540405033577,24.1837136410072,143.042129,21.500831,9.0,nan,1.0
dw0930p2143,NGC2903,142.6666,21.724,65.1,18.96,0.08,18.72,0.07,-10.81,-10.95,0.09,5.98,0.11,23.3,0.06,270.5,21.5,False,True,1.0,gr,CFHT,nan,9.0,6.19940334144879,24.9272241469801,143.042129,21.500831,9.0,nan,1.0
dw0932p1952,NGC2903,143.0991,19.8754,255.5,19.33,0.12,18.75,0.11,-10.44,-10.78,0.12,6.44,0.14,24.17,0.17,309.0,30.6,True,True,1.0,gr,DECALS,nan,9.0,7.08175834503437,25.5861801966919,143.042129,21.500831,9.0,nan,1.0
UGC5086,NGC2903,143.2034,21.4656,24.2,15.74,0.08,15.15,0.06,-14.03,-14.37,0.08,7.88,0.13,22.38,0.13,728.9,30.3,True,True,1.0,gr,CFHT,nan,9.0,16.7051574383101,23.8597275468162,143.042129,21.500831,9.0,nan,1.0
dw0933p2030,NGC2903,143.3069,20.5152,159.6,17.39,0.09,16.93,0.1,-12.39,-12.65,0.1,6.99,0.13,22.53,0.12,443.9,28.3,True,True,1.0,gr,DECALS,nan,9.0,10.1734386020933,24.432813523787,143.042129,21.500831,9.0,nan,1.0
dw0936p2135,NGC2903,144.0891,21.5993,153.8,17.84,0.1,17.4,0.1,-11.93,-12.19,0.1,6.78,0.13,22.74,0.13,341.4,23.6,False,True,1.0,gr,DECALS,nan,9.0,7.82431164655362,24.312705383273,143.042129,21.500831,9.0,nan,1.0
M82,M81,148.9683,69.6797,38.8,nan,nan,nan,nan,nan,-19.75,nan,10.35,nan,nan,nan,nan,nan,False,True,1.0,nan,nan,nan,3.61,nan,nan,148.88821939854,69.06529514038,3.61,NGC3031,0.0
NGC3077,M81,150.8296,68.7339,48.7,10.13,0.08,9.58,0.09,-17.66,-17.98,0.09,9.27,0.13,16.47,0.11,1144.8,53.6,False,True,1.0,gr,DECALS,nan,3.61,65.4105103258107,21.2137123690569,148.88821939854,69.06529514038,3.61,NGC3031,0.0
NGC2976,M81,146.8146,67.9164,86.8,10.36,0.08,9.73,0.09,-17.43,-17.79,0.09,9.3,0.13,19.87,0.11,1266.2,59.4,False,True,1.0,gr,DECALS,nan,3.61,72.3469492963721,21.6625757949688,148.88821939854,69.06529514038,3.61,NGC3031,0.0
IC2574,M81,157.1413,68.4328,192.7,11.12,0.08,10.76,0.09,-16.66,-16.88,0.09,8.54,0.13,22.72,0.11,3286.6,154.8,False,True,1.0,gr,DECALS,yes,3.61,187.786627400316,24.4937979927108,148.88821939854,69.06529514038,3.61,NGC3031,0.0
ddo82,M81,157.6524,70.6183,214.0,12.9,0.08,12.32,0.09,-14.88,-15.22,0.09,8.21,0.13,21.62,0.11,1055.6,50.4,False,True,1.0,gr,DECALS,nan,3.61,60.313884561989,23.8075611839398,148.88821939854,69.06529514038,3.61,NGC3031,0.0
kdg61,M81,149.2612,68.5917,31.0,14.95,0.09,14.3,0.09,-12.84,-13.22,0.09,7.51,0.13,23.74,0.11,1001.5,50.4,True,True,1.0,gr,DECALS,nan,3.61,57.222769572542,25.7433190505289,148.88821939854,69.06529514038,3.61,NGC3031,0.0
BK5N,M81,151.1679,68.2556,73.0,16.87,0.09,16.28,0.09,-10.91,-11.26,0.09,6.65,0.13,24.73,0.12,456.6,27.0,True,True,1.0,gr,DECALS,nan,3.61,26.0887839418838,25.9577438622809,148.88821939854,69.06529514038,3.61,NGC3031,0.0
IKN,M81,152.0246,68.3992,83.1,14.07,0.09,13.54,0.09,-13.71,-14.03,0.09,7.67,0.12,23.69,0.11,1144.9,55.9,True,True,1.0,gr,DECALS,yes,3.61,65.4162240317803,25.1539020421377,148.88821939854,69.06529514038,3.61,NGC3031,0.0
FM1,M81,146.2917,68.765,61.8,15.9,0.09,15.23,0.09,-11.89,-12.28,0.09,7.17,0.13,24.49,0.11,749.4,40.1,True,True,1.0,gr,DECALS,nan,3.61,42.818516227473,26.063632750686,148.88821939854,69.06529514038,3.61,NGC3031,0.0
kdg64,M81,151.7579,67.8275,102.4,14.77,0.09,14.11,0.09,-13.02,-13.4,0.09,7.6,0.13,23.15,0.11,956.5,47.8,True,True,1.0,gr,DECALS,nan,3.61,54.6516018167624,25.4634891590913,148.88821939854,69.06529514038,3.61,NGC3031,0.0
f8d1,M81,146.1962,67.4386,120.2,16.42,0.09,15.88,0.09,-11.37,-11.68,0.09,6.73,0.13,26.22,0.11,1019.7,57.2,True,True,1.0,gr,DECALS,yes,3.61,58.2626640820961,27.2524263768514,148.88821939854,69.06529514038,3.61,NGC3031,0.0
d1014p68,M81,153.7325,68.7575,111.5,18.89,nan,nan,nan,-8.9,-9.1,0.11,5.61,0.22,27.29,0.15,344.8,30.2,True,True,1.0,CH09/CH13,nan,nan,3.61,19.7008601046347,27.3679006172495,148.88821939854,69.06529514038,3.61,NGC3031,0.0
KK77,M81,147.5417,67.5067,103.1,15.18,0.09,14.41,0.09,-12.61,-13.06,0.09,7.63,0.13,24.25,0.11,954.2,48.6,True,True,1.0,gr,DECALS,nan,3.61,54.5201865754485,25.8682613486334,148.88821939854,69.06529514038,3.61,NGC3031,0.0
kdg63,M81,151.2804,66.555,168.2,15.01,0.09,14.35,0.09,-12.78,-13.17,0.09,7.51,0.13,23.72,0.11,716.2,36.2,True,True,1.0,gr,DECALS,nan,3.61,40.9215657329634,25.0752358929791,148.88821939854,69.06529514038,3.61,NGC3031,0.0
d0958p66,M81,149.7021,66.8497,141.0,15.42,0.09,15.03,0.09,-12.37,-12.59,0.09,6.87,0.13,21.56,0.11,228.8,11.8,False,True,1.0,gr,DECALS,nan,3.61,13.0729605557186,23.0073444357867,148.88821939854,69.06529514038,3.61,NGC3031,0.0
ddo78,M81,156.6163,67.6567,200.3,13.87,0.09,13.25,0.09,-13.92,-14.28,0.09,7.89,0.12,24.26,0.11,1395.9,67.8,True,True,1.0,gr,DECALS,nan,3.61,79.7576256759853,25.3843357661291,148.88821939854,69.06529514038,3.61,NGC3031,0.0
d1028p70,M81,157.1654,70.2336,195.7,15.53,0.09,15.19,0.09,-12.26,-12.46,0.09,6.74,0.13,21.74,0.11,303.0,15.8,False,True,1.0,gr,DECALS,nan,3.61,17.3125307883953,23.7272774755016,148.88821939854,69.06529514038,3.61,NGC3031,0.0
d0955p70,M81,148.8067,70.4081,84.6,18.39,nan,nan,nan,-9.4,-9.6,0.1,5.83,0.22,26.46,0.13,325.5,25.2,True,True,1.0,CH09/CH13,nan,nan,3.61,18.5981147511036,26.7428192967257,148.88821939854,69.06529514038,3.61,NGC3031,0.0
d1041p70,M81,160.32,70.1508,260.1,18.89,nan,nan,nan,-8.9,-9.1,0.11,5.61,0.22,26.16,0.15,190.8,16.7,True,True,1.0,CH09/CH13,nan,nan,3.61,10.9017520762604,26.0829561879077,148.88821939854,69.06529514038,3.61,NGC3031,0.0
HS117,M81,155.355,71.1161,189.6,16.47,0.09,15.87,0.09,-11.32,-11.67,0.09,6.82,0.13,24.37,0.11,558.7,31.5,True,True,1.0,gr,DECALS,nan,3.61,31.9224782078042,25.9959576775531,148.88821939854,69.06529514038,3.61,NGC3031,0.0
d0944p71,M81,146.1433,71.4825,163.2,15.93,0.09,15.25,0.09,-11.85,-12.25,0.09,7.17,0.13,23.49,0.11,399.8,21.4,True,True,1.0,gr,DECALS,nan,3.61,22.8433986704829,24.7292782781221,148.88821939854,69.06529514038,3.61,NGC3031,0.0
d0926p70,M81,141.6163,70.5067,182.5,18.39,nan,nan,nan,-9.4,-9.6,0.1,5.83,0.22,25.73,0.13,250.3,19.4,False,True,1.0,CH09/CH13,nan,nan,3.61,14.3014074573176,26.1723685826508,148.88821939854,69.06529514038,3.61,NGC3031,0.0
HO1,M81,145.1346,71.1864,156.0,13.46,0.09,13.13,0.09,-14.33,-14.53,0.09,7.56,0.12,24.08,0.11,1470.3,70.8,False,True,1.0,gr,DECALS,nan,3.61,84.0086226748201,25.0870940041819,148.88821939854,69.06529514038,3.61,NGC3031,0.0
d0934p70,M81,143.5154,70.2158,138.3,17.59,0.1,17.18,0.1,-10.2,-10.44,0.1,6.03,0.13,25.58,0.12,489.2,32.3,True,True,1.0,gr,DECALS,nan,3.61,27.9514522433298,26.8274965666185,148.88821939854,69.06529514038,3.61,NGC3031,0.0
dw1000m0741,NGC3115,150.0039,-7.6875,230.2,17.46,0.09,16.87,0.1,-12.59,-12.93,0.1,7.3,0.13,23.53,0.12,611.5,40.1,True,True,1.0,gr,DECALS,nan,10.2,12.365777340097,24.9265817930681,151.308029,-7.718606,10.2,nan,1.0
dw1000m0821,NGC3115,150.0436,-8.3574,250.3,15.87,0.09,15.29,0.09,-14.18,-14.51,0.09,7.91,0.13,21.87,0.11,957.7,50.9,True,True,1.0,gr,DECALS,nan,10.2,19.3666474865057,24.310746919527,151.308029,-7.718606,10.2,nan,1.0
dw1000m0831,NGC3115,150.2289,-8.5305,238.9,20.3,0.15,19.77,0.14,-9.75,-10.05,0.15,6.06,0.17,25.02,0.21,418.8,62.6,True,True,1.0,gr,DECALS,nan,10.2,8.46899027526876,26.9446328526218,151.308029,-7.718606,10.2,nan,1.0
dw1001m0631,NGC3115,150.3901,-6.5249,267.4,15.7,0.09,15.37,0.09,-14.35,-14.54,0.09,7.55,0.13,22.72,0.11,911.4,48.0,False,True,1.0,gr,DECALS,nan,10.2,18.4303670503239,24.0331446042612,151.308029,-7.718606,10.2,nan,1.0
dw1001m0814,NGC3115,150.4092,-8.2487,184.5,14.82,0.09,14.42,0.09,-15.22,-15.46,0.09,8.03,0.13,21.72,0.11,1422.4,71.3,False,True,1.0,gr,DECALS,nan,10.2,28.7638292651032,24.1197081928628,151.308029,-7.718606,10.2,nan,1.0
dw1002m0818,NGC3115,150.5043,-8.31,176.5,20.09,0.14,19.5,0.13,-9.96,-10.3,0.15,6.24,0.16,24.11,0.2,271.3,34.0,True,True,1.0,gr,DECALS,nan,10.2,5.48623940408244,25.791848457104,151.308029,-7.718606,10.2,nan,1.0
dw1002m0642,NGC3115,150.657,-6.7083,213.5,21.0,0.19,20.54,0.19,-9.04,-9.31,0.19,5.65,0.21,25.98,0.29,324.4,54.8,True,True,1.0,gr,DECALS,nan,10.2,6.56002971803899,27.0900037157715,151.308029,-7.718606,10.2,nan,1.0
dw1004m0737,NGC3115,150.9948,-7.6409,57.0,18.92,0.11,18.42,0.11,-11.12,-11.42,0.11,6.57,0.14,25.92,0.14,979.4,89.3,True,True,1.0,gr,DECALS,nan,10.2,19.8054657468196,27.4093999805455,151.308029,-7.718606,10.2,nan,1.0
dw1004m0657,NGC3115,151.1572,-6.9585,137.9,19.1,0.12,18.53,0.12,-10.94,-11.28,0.13,6.63,0.14,25.63,0.17,713.9,71.9,True,True,1.0,gr,DECALS,nan,10.2,14.4365142097409,26.9027863950553,151.308029,-7.718606,10.2,nan,1.0
dw1005m0744,NGC3115,151.3961,-7.7498,16.5,15.73,0.09,15.13,0.09,-14.32,-14.67,0.09,8.02,0.13,23.04,0.11,1150.0,60.4,True,True,1.0,gr,DECALS,nan,10.2,23.2553457038323,24.5680886813752,151.308029,-7.718606,10.2,nan,1.0
dw1005m0758,NGC3115,151.4233,-7.9817,51.0,13.03,0.08,12.32,0.09,-17.01,-17.42,0.09,9.28,0.13,20.55,0.11,1488.3,74.7,True,True,1.0,gr,DECALS,nan,10.2,30.0964616626437,22.4280518821769,151.308029,-7.718606,10.2,nan,1.0
dw1006m0730,NGC3115,151.5528,-7.5001,58.1,18.43,0.1,17.82,0.1,-11.62,-11.97,0.11,6.96,0.13,23.45,0.14,396.8,30.8,True,True,1.0,gr,DECALS,nan,10.2,8.02410539976082,24.9574578051233,151.308029,-7.718606,10.2,nan,1.0
dw1006m0732,NGC3115,151.6109,-7.549,61.4,19.17,0.12,18.63,0.11,-10.87,-11.19,0.12,6.53,0.14,24.7,0.16,436.6,41.2,True,True,1.0,gr,DECALS,nan,10.2,8.82894258357679,25.9050181443475,151.308029,-7.718606,10.2,nan,1.0
dw1006m0730-n2,NGC3115,151.6404,-7.5096,69.5,19.49,0.12,18.95,0.11,-10.55,-10.87,0.12,6.42,0.14,24.79,0.17,545.8,63.8,True,True,1.0,gr,DECALS,nan,10.2,11.0371893276682,26.7097671434049,151.308029,-7.718606,10.2,nan,1.0
dw1007m0835,NGC3115,151.8142,-8.5859,178.3,21.1,0.19,20.47,0.18,-8.94,-9.31,0.2,5.94,0.22,25.01,0.3,247.5,44.5,True,True,1.0,gr,DECALS,nan,10.2,5.00495485648404,26.6024755047298,151.308029,-7.718606,10.2,nan,1.0
dw1007m0715,NGC3115,151.8343,-7.2632,123.3,17.36,0.09,16.82,0.1,-12.69,-13.0,0.1,7.25,0.13,23.41,0.12,722.5,45.2,True,True,1.0,gr,DECALS,nan,10.2,14.6104237514007,25.1887887423193,151.308029,-7.718606,10.2,nan,1.0
dw1007m0830,NGC3115,151.9464,-8.5042,179.5,19.89,0.13,19.42,0.13,-10.15,-10.43,0.14,6.12,0.15,24.54,0.19,393.1,46.1,True,True,1.0,gr,DECALS,nan,10.2,7.94928385250886,26.3971147068334,151.308029,-7.718606,10.2,nan,1.0
dw1006m0630,NGC3115,151.5634,-6.5057,220.6,21.3,0.2,20.83,0.21,-8.74,-9.02,0.21,5.56,0.23,25.84,0.32,208.8,40.5,True,False,0.65,gr,DECALS,nan,10.2,4.22236191552724,26.4332519601558,151.308029,-7.718606,10.2,nan,1.0
dw1006m0827,NGC3115,151.6488,-8.4648,145.8,20.18,0.14,19.67,0.14,-9.87,-10.16,0.15,6.08,0.16,25.3,0.21,380.2,49.1,True,False,0.65,gr,DECALS,nan,10.2,7.68841953910064,26.6146600504495,151.308029,-7.718606,10.2,nan,1.0
dw1042p2415,NGC3344,160.5916,24.2505,123.6,17.24,0.09,16.73,0.09,-12.72,-13.02,0.1,7.23,0.13,23.78,0.12,697.5,43.5,True,True,1.0,gr,DECALS,nan,9.82,14.6506824964772,25.0747639647593,160.879792,24.922219,9.82,nan,1.0
dw1042p2501,NGC3344,160.6815,25.025,35.4,20.79,0.17,20.35,0.17,-9.17,-9.43,0.18,5.68,0.19,25.66,0.26,364.4,58.3,True,True,1.0,gr,DECALS,nan,9.82,7.6540626641489,27.214934749191,160.879792,24.922219,9.82,nan,1.0
dw1045p2427,NGC3344,161.3793,24.4657,110.4,19.8,0.13,19.31,0.13,-10.16,-10.45,0.14,6.16,0.15,25.12,0.19,437.2,49.9,True,True,1.0,gr,DECALS,nan,9.82,9.18319483010669,26.6204436736365,160.879792,24.922219,9.82,nan,1.0
dw1038p2501,NGC3344,159.5427,25.0283,208.5,20.2,0.15,19.77,0.14,-9.76,-10.01,0.15,5.9,0.16,23.99,0.21,168.4,21.9,True,False,0.15,gr,DECALS,nan,9.82,3.53716836747516,24.9487533442882,160.879792,24.922219,9.82,nan,1.0
dw1044p2559,NGC3344,161.1198,25.9934,187.3,18.71,0.11,18.26,0.11,-11.25,-11.51,0.11,6.53,0.13,21.54,0.15,230.2,19.3,False,False,0.15,gr,DECALS,nan,9.82,4.83525034515112,24.137569504754,160.879792,24.922219,9.82,nan,1.0
dw1044p2610,NGC3344,161.1213,26.1782,218.5,20.38,0.15,19.73,0.14,-9.58,-9.96,0.16,6.23,0.17,25.04,0.23,422.1,58.4,True,False,0.75,gr,DECALS,nan,9.82,8.86602593312417,27.1241196681176,160.879792,24.922219,9.82,nan,1.0
dw1045p2606,NGC3344,161.2758,26.1048,211.7,20.12,0.14,19.63,0.14,-9.84,-10.13,0.15,6.03,0.16,23.79,0.21,205.9,26.1,True,False,0.2,gr,DECALS,nan,9.82,4.32483947047387,25.3053246414548,160.879792,24.922219,9.82,nan,1.0
dw1039p1238,NGC3379,159.929,12.6348,369.8,16.51,0.09,16.01,0.09,-13.64,-13.93,0.09,7.56,0.13,21.22,0.11,610.0,34.6,False,True,1.0,gr,DECALS,nan,10.7,11.7590216518149,23.8673306318929,161.956667,12.581631,10.7,nan,0.0
UGC5812,NGC3379,160.2355,12.4728,314.5,15.0,0.09,14.58,0.09,-15.15,-15.4,0.09,8.03,0.12,21.72,0.11,1458.0,73.6,False,True,1.0,gr,DECALS,nan,10.7,28.1059893128036,24.2494690656619,161.956667,12.581631,10.7,nan,0.0
dw1042p1220,NGC3379,160.5015,12.3351,269.4,15.39,0.09,14.97,0.09,-14.75,-15.0,0.09,7.88,0.13,21.1,0.11,1063.1,54.9,False,True,1.0,gr,DECALS,nan,10.7,20.4934686728739,23.9535520427981,161.956667,12.581631,10.7,nan,0.0
dw1042p1208,NGC3379,160.6431,12.1509,252.8,17.0,0.09,16.38,0.09,-13.15,-13.51,0.09,7.59,0.13,24.68,0.12,1247.9,75.1,True,True,1.0,gr,DECALS,nan,10.7,24.0558738830597,25.9115803729204,161.956667,12.581631,10.7,nan,0.0
dw1042p1359,NGC3379,160.6886,13.9905,349.9,20.81,0.17,20.28,0.17,-9.34,-9.65,0.18,5.9,0.19,24.77,0.26,276.5,44.5,True,True,1.0,gr,DECALS,nan,10.7,5.3301139172549,26.4491571369118,161.956667,12.581631,10.7,nan,0.0
dw1043p1410,NGC3379,160.7948,14.1799,365.7,19.81,0.13,19.45,0.13,-10.34,-10.55,0.14,6.01,0.15,24.77,0.19,321.1,36.8,True,True,1.0,gr,DECALS,nan,10.7,6.18987189402437,25.7738829863722,161.956667,12.581631,10.7,nan,0.0
dw1043p1415,NGC3379,160.9572,14.2554,361.6,19.77,0.13,19.16,0.12,-10.38,-10.73,0.14,6.47,0.15,24.36,0.19,402.9,45.6,True,True,1.0,gr,DECALS,nan,10.7,7.76673742034384,26.2266677951072,161.956667,12.581631,10.7,nan,0.0
M95,NGC3379,160.9904,11.7037,240.9,nan,nan,nan,nan,nan,-20.49,nan,10.42,nan,nan,nan,nan,nan,False,True,1.0,nan,nan,nan,10.7,nan,nan,161.956667,12.581631,10.7,nan,0.0
dw1044p1359,NGC3379,161.1075,13.9988,306.4,20.55,0.16,19.99,0.15,-9.6,-9.93,0.17,6.07,0.18,25.13,0.24,331.3,48.6,True,True,1.0,gr,DECALS,nan,10.7,6.38649815774072,26.5817886379075,161.956667,12.581631,10.7,nan,0.0
dw1044p1356,NGC3379,161.1471,13.9396,293.3,16.03,0.09,15.51,0.09,-14.12,-14.42,0.09,7.79,0.13,21.85,0.11,696.6,37.7,True,True,1.0,gr,DECALS,nan,10.7,13.4284171802553,23.6755988067348,161.956667,12.581631,10.7,nan,0.0
dw1044p1351,NGC3379,161.1588,13.8591,279.3,19.47,0.12,18.96,0.12,-10.68,-10.97,0.13,6.4,0.14,24.64,0.17,351.0,36.2,True,True,1.0,gr,DECALS,nan,10.7,6.76625672586558,25.6272170407418,161.956667,12.581631,10.7,nan,0.0
dw1044p1351b,NGC3379,161.1602,13.8557,278.6,19.76,0.13,19.29,0.13,-10.39,-10.66,0.13,6.21,0.15,25.21,0.19,384.1,43.3,True,True,1.0,gr,DECALS,nan,10.7,7.40432822854945,26.1129029940847,161.956667,12.581631,10.7,nan,0.0
dw1044p1154,NGC3379,161.2394,11.9162,180.5,17.37,0.09,17.08,0.1,-12.77,-12.95,0.1,6.86,0.13,22.57,0.12,565.8,36.0,False,True,1.0,gr,DECALS,nan,10.7,10.9069745108255,24.5639961727725,161.956667,12.581631,10.7,nan,0.0
dw1046p1257,NGC3379,161.559,12.9606,101.3,18.55,0.11,17.96,0.1,-11.6,-11.94,0.11,6.92,0.13,24.31,0.14,478.8,38.5,True,True,1.0,gr,DECALS,nan,10.7,9.22986814627968,25.3814521664141,161.956667,12.581631,10.7,nan,0.0
dw1046p1401,NGC3379,161.6027,14.0242,277.0,17.05,0.09,16.46,0.09,-13.1,-13.44,0.09,7.52,0.13,23.97,0.12,834.0,50.7,True,True,1.0,gr,DECALS,nan,10.7,16.0770886038984,25.0865117079829,161.956667,12.581631,10.7,nan,0.0
dw1046p1145,NGC3379,161.626,11.7557,165.6,17.94,0.1,17.31,0.1,-12.21,-12.57,0.1,7.23,0.13,24.29,0.13,676.1,42.6,True,True,1.0,gr,DECALS,nan,10.7,13.0332369456136,25.5207361359822,161.956667,12.581631,10.7,nan,0.0
dw1046p1219,NGC3379,161.6722,12.327,70.4,16.6,0.09,15.97,0.09,-13.54,-13.92,0.09,7.78,0.13,22.83,0.11,799.1,46.6,True,True,1.0,gr,DECALS,nan,10.7,15.404318351927,24.5436871084872,161.956667,12.581631,10.7,nan,0.0
M96,NGC3379,161.6907,11.8199,150.3,nan,nan,nan,nan,nan,-20.96,nan,10.59,nan,nan,nan,nan,nan,False,True,1.0,nan,nan,nan,10.7,nan,nan,161.956667,12.581631,10.7,nan,0.0
dw1046p1244,NGC3379,161.7204,12.7421,52.4,17.86,0.1,17.45,0.1,-12.29,-12.53,0.1,6.88,0.13,25.1,0.13,1616.1,112.0,False,True,1.0,gr,DECALS,nan,10.7,31.1536963402942,27.3330225940076,161.956667,12.581631,10.7,nan,0.0
dw1046p1247,NGC3379,161.7275,12.7886,56.9,18.4,0.1,17.77,0.1,-11.75,-12.12,0.11,7.05,0.13,23.86,0.14,504.6,39.2,True,True,1.0,gr,DECALS,nan,10.7,9.72721693038573,25.3454176884896,161.956667,12.581631,10.7,nan,0.0
dw1046p1259,NGC3379,161.7393,12.9984,87.3,17.09,0.09,16.48,0.09,-13.06,-13.42,0.09,7.53,0.13,24.51,0.12,1145.5,69.8,True,True,1.0,gr,DECALS,nan,10.7,22.0819004348967,25.8156569185229,161.956667,12.581631,10.7,nan,0.0
dw1047p1257,NGC3379,161.7525,12.9604,79.9,18.78,0.11,18.13,0.1,-11.37,-11.75,0.11,6.91,0.13,24.2,0.15,445.3,37.9,True,True,1.0,gr,DECALS,nan,10.7,8.58408581016872,25.4539449335941,161.956667,12.581631,10.7,nan,0.0
dw1047p1153,NGC3379,161.7749,11.8779,135.6,20.98,0.18,20.43,0.18,-9.16,-9.48,0.19,5.85,0.2,26.5,0.28,396.6,68.3,True,True,1.0,gr,DECALS,nan,10.7,7.64529178692861,27.4024450075436,161.956667,12.581631,10.7,nan,0.0
dw1047p1248,NGC3379,161.8051,12.8022,49.6,18.67,0.11,18.27,0.11,-11.48,-11.71,0.11,6.53,0.13,25.48,0.14,823.8,68.3,True,True,1.0,gr,DECALS,nan,10.7,15.8804623411794,26.6797903930031,161.956667,12.581631,10.7,nan,0.0
dw1047p1202,NGC3379,161.919,12.0487,99.8,19.57,0.12,19.01,0.12,-10.58,-10.91,0.13,6.45,0.15,25.65,0.17,578.2,62.4,True,True,1.0,gr,DECALS,nan,10.7,11.1460103603727,26.8110718937512,161.956667,12.581631,10.7,nan,0.0
dw1047p1258,NGC3379,161.9255,12.9754,73.8,19.59,0.12,18.93,0.12,-10.56,-10.95,0.12,6.63,0.15,25.44,0.17,438.9,48.7,True,True,1.0,gr,DECALS,nan,10.7,8.46071246832501,26.2325093621986,161.956667,12.581631,10.7,nan,0.0
NGC3377,NGC3379,161.9264,13.9858,262.3,nan,nan,nan,nan,nan,-19.86,nan,10.1,nan,nan,nan,nan,nan,True,True,1.0,nan,nan,nan,10.7,nan,nan,161.956667,12.581631,10.7,nan,0.0
dw1048p1158,NGC3379,162.0547,11.9684,115.9,19.35,0.12,18.76,0.11,-10.79,-11.14,0.12,6.61,0.14,24.66,0.17,497.7,49.1,True,True,1.0,gr,DECALS,nan,10.7,9.59420504627519,26.2655196613457,161.956667,12.581631,10.7,nan,0.0
NGC3384,NGC3379,162.0705,12.6292,22.6,nan,nan,nan,nan,nan,-20.3,nan,10.41,nan,nan,nan,nan,nan,True,True,1.0,nan,nan,nan,10.7,nan,nan,161.956667,12.581631,10.7,nan,0.0
dw1048p1154,NGC3379,162.1039,11.9123,127.9,19.34,0.15,18.84,0.15,-10.8,-11.1,0.16,6.45,0.14,23.51,0.23,1284.0,51.4,True,True,1.0,gr,DECALS,nan,10.7,24.751776630843,28.3135065674327,161.956667,12.581631,10.7,nan,0.0
dw1048p1303,NGC3379,162.1492,13.0598,95.9,19.43,0.12,19.05,0.12,-10.71,-10.94,0.12,6.2,0.14,25.94,0.16,579.2,60.1,True,True,1.0,gr,DECALS,nan,10.7,11.1652874450123,26.6748242230161,161.956667,12.581631,10.7,nan,0.0
dw1048p1259,NGC3379,162.2174,12.9954,90.7,19.86,0.13,19.26,0.13,-10.29,-10.64,0.14,6.41,0.15,26.69,0.19,694.1,80.6,True,True,1.0,gr,DECALS,nan,10.7,13.3802244687188,27.4977916781575,161.956667,12.581631,10.7,nan,0.0
dw1048p1407,NGC3379,162.224,14.1245,292.3,15.29,0.09,14.66,0.09,-14.85,-15.23,0.09,8.29,0.13,20.86,0.11,674.2,34.8,True,True,1.0,gr,DECALS,nan,10.7,12.9966104848371,22.8646251972426,161.956667,12.581631,10.7,nan,0.0
dw1049p1247,NGC3379,162.2977,12.7925,73.6,19.5,0.12,19.11,0.12,-10.65,-10.87,0.13,6.17,0.15,24.52,0.17,436.9,45.5,True,True,1.0,gr,DECALS,nan,10.7,8.4221582989976,26.1325916815326,161.956667,12.581631,10.7,nan,0.0
dw1049p1233,NGC3379,162.358,12.5525,73.4,19.09,0.11,18.47,0.11,-11.06,-11.42,0.12,6.75,0.14,25.21,0.16,586.1,55.0,True,True,1.0,gr,DECALS,nan,10.7,11.2982993290202,26.3605400639279,161.956667,12.581631,10.7,nan,0.0
UGC5944,NGC3379,162.5791,13.2719,171.6,14.94,0.09,14.33,0.09,-15.21,-15.56,0.09,8.39,0.12,21.71,0.11,1126.8,56.7,True,True,1.0,gr,DECALS,nan,10.7,21.721418955146,23.6299156427332,161.956667,12.581631,10.7,nan,0.0
dw1050p1213,NGC3379,162.6004,12.2182,135.6,20.89,0.18,20.41,0.18,-9.25,-9.53,0.19,5.77,0.2,24.85,0.27,257.8,42.9,True,True,1.0,gr,DECALS,nan,10.7,4.96963243366469,26.3770960238583,161.956667,12.581631,10.7,nan,0.0
dw1050p1221,NGC3379,162.6132,12.3598,126.7,16.87,0.09,16.26,0.09,-13.28,-13.64,0.09,7.63,0.13,24.64,0.12,1509.8,88.0,True,True,1.0,gr,DECALS,nan,10.7,29.104542280849,26.1952785499576,161.956667,12.581631,10.7,nan,0.0
dw1050p1236,NGC3379,162.6486,12.6093,126.2,20.2,0.15,19.75,0.14,-9.94,-10.21,0.15,6.02,0.16,24.59,0.21,552.3,72.0,True,True,1.0,gr,DECALS,nan,10.7,10.6467338681401,27.3415566733815,161.956667,12.581631,10.7,nan,0.0
NGC3412,NGC3379,162.722,13.4121,208.5,nan,nan,nan,nan,nan,-19.68,nan,10.05,nan,nan,nan,nan,nan,True,True,1.0,nan,nan,nan,10.7,nan,nan,161.956667,12.581631,10.7,nan,0.0
dw1051p1320,NGC3379,162.7563,13.3336,202.3,16.27,0.09,15.66,0.09,-13.87,-14.23,0.09,7.87,0.13,22.61,0.11,983.4,52.6,True,True,1.0,gr,DECALS,nan,10.7,18.9570850366612,24.6643324728483,161.956667,12.581631,10.7,nan,0.0
dw1051p1250,NGC3379,162.8378,12.849,168.1,16.18,0.09,15.59,0.09,-13.97,-14.31,0.09,7.86,0.13,22.41,0.11,863.3,47.3,True,True,1.0,gr,DECALS,nan,10.7,16.6419071819376,24.2914901590355,161.956667,12.581631,10.7,nan,0.0
dw1051p1406,NGC3379,162.8807,14.1149,332.0,17.73,0.1,17.13,0.1,-12.42,-12.77,0.1,7.26,0.13,22.17,0.13,349.6,23.6,True,True,1.0,gr,DECALS,nan,10.7,6.73926880732012,23.8785385782307,161.956667,12.581631,10.7,nan,0.0
dw1052p1102,NGC3379,163.0812,11.0433,353.4,15.85,0.09,15.23,0.09,-14.29,-14.66,0.09,8.04,0.13,21.04,0.11,556.1,29.8,True,True,1.0,gr,DECALS,nan,10.7,10.7199867897884,23.006445932621,161.956667,12.581631,10.7,nan,0.0
dw1040p1216,NGC3379,160.1211,12.2728,339.8,19.32,0.12,18.72,0.11,-10.83,-11.18,0.12,6.62,0.14,25.1,0.17,621.2,61.3,True,False,0.85,gr,DECALS,nan,10.7,11.9749249996953,26.7168386920345,161.956667,12.581631,10.7,nan,0.0
dw1043p1253,NGC3379,160.9016,12.8988,201.1,21.0,0.18,20.34,0.17,-9.15,-9.53,0.19,6.06,0.21,25.35,0.28,283.2,49.0,True,False,0.65,gr,DECALS,nan,10.7,5.45927038462969,26.6911477037732,161.956667,12.581631,10.7,nan,0.0
dw1043p1207,NGC3379,160.9792,12.1333,197.0,18.95,0.11,18.49,0.11,-11.19,-11.46,0.12,6.52,0.14,23.1,0.15,500.2,44.6,False,False,0.25,gr,DECALS,nan,10.7,9.64239775791037,25.8763998945822,161.956667,12.581631,10.7,nan,0.0
dw1044p1132,NGC3379,161.0306,11.5344,258.6,18.45,0.1,18.06,0.1,-11.69,-11.92,0.11,6.6,0.13,22.4,0.14,389.4,30.6,False,False,0.4,gr,DECALS,nan,10.7,7.50649677730472,24.832661194153,161.956667,12.581631,10.7,nan,0.0
dw1045p1315,NGC3379,161.2789,13.2652,177.5,20.7,0.17,20.25,0.17,-9.45,-9.71,0.17,5.8,0.19,25.68,0.25,350.0,54.3,True,False,0.75,gr,DECALS,nan,10.7,6.74697964119027,26.8510216801685,161.956667,12.581631,10.7,nan,0.0
dw1045p1413,NGC3379,161.4842,14.2274,319.2,19.76,0.13,19.16,0.12,-10.39,-10.74,0.13,6.45,0.15,24.59,0.19,345.7,39.0,True,False,0.7,gr,DECALS,nan,10.7,6.66408817708512,25.8841783561481,161.956667,12.581631,10.7,nan,0.0
dw1045p1332,NGC3379,161.4925,13.5477,199.2,19.41,0.12,18.91,0.12,-10.74,-11.03,0.12,6.41,0.14,24.48,0.17,467.5,47.4,True,False,0.65,gr,DECALS,nan,10.7,9.01203708964095,26.1895895338525,161.956667,12.581631,10.7,nan,0.0
dw1046p1342,NGC3379,161.6272,13.7011,217.5,18.62,0.11,18.13,0.1,-11.52,-11.81,0.11,6.72,0.13,21.73,0.14,237.2,19.4,True,False,0.2,gr,DECALS,nan,10.7,4.57252448913988,23.926254882297,161.956667,12.581631,10.7,nan,0.0
dw1046p1358,NGC3379,161.6816,13.9718,264.4,20.99,0.18,20.55,0.19,-9.15,-9.41,0.19,5.69,0.21,24.71,0.28,205.7,35.5,True,False,0.35,gr,DECALS,nan,10.7,3.96529632147672,25.9868529173977,161.956667,12.581631,10.7,nan,0.0
dw1046p1118,NGC3379,161.7075,11.3037,243.0,20.57,0.16,20.05,0.16,-9.58,-9.88,0.17,5.99,0.18,25.01,0.24,319.9,47.3,True,False,0.7,gr,DECALS,nan,10.7,6.16673939240994,26.5257526589651,161.956667,12.581631,10.7,nan,0.0
dw1047p1117,NGC3379,161.7845,11.2853,244.2,19.27,0.12,18.81,0.12,-10.88,-11.15,0.12,6.4,0.14,25.6,0.16,659.7,64.2,True,False,0.85,gr,DECALS,nan,10.7,12.7170927578312,26.7974138768424,161.956667,12.581631,10.7,nan,0.0
dw1047p1145,NGC3379,161.949,11.7622,153.1,21.26,0.2,20.95,0.22,-8.88,-9.07,0.21,5.34,0.24,25.54,0.32,410.9,78.5,True,False,0.55,gr,DECALS,nan,10.7,7.92095409768873,27.7593621644335,161.956667,12.581631,10.7,nan,0.0
dw1048p1121,NGC3379,162.096,11.3523,231.0,20.08,0.14,19.41,0.13,-10.07,-10.46,0.15,6.43,0.16,25.76,0.2,570.9,71.2,True,False,0.75,gr,DECALS,nan,10.7,11.0052876424977,27.2934816721644,161.956667,12.581631,10.7,nan,0.0
dw1049p1121,NGC3379,162.4042,11.3512,244.0,17.97,0.1,17.38,0.1,-12.17,-12.52,0.1,7.14,0.13,24.77,0.13,790.6,56.1,True,False,0.95,gr,DECALS,nan,10.7,15.2404631329153,25.8904655052747,161.956667,12.581631,10.7,nan,0.0
dw1049p1057,NGC3379,162.4172,10.9555,315.2,20.32,0.15,20.04,0.16,-9.82,-9.99,0.16,5.67,0.17,24.31,0.22,239.6,32.5,False,False,0.15,gr,DECALS,nan,10.7,4.61878949238729,25.648115527415,161.956667,12.581631,10.7,nan,0.0
dw1049p1146,NGC3379,162.4789,11.7802,177.5,18.8,0.11,18.21,0.11,-11.35,-11.69,0.11,6.81,0.13,24.61,0.15,585.2,50.1,True,False,0.9,gr,DECALS,nan,10.7,11.2809499528458,26.0672030442929,161.956667,12.581631,10.7,nan,0.0
dw1050p1352,NGC3379,162.5147,13.889,264.4,19.26,0.12,18.75,0.11,-10.89,-11.18,0.12,6.48,0.14,26.27,0.16,876.1,84.9,True,False,0.85,gr,DECALS,nan,10.7,16.8886538644161,27.4034498560101,161.956667,12.581631,10.7,nan,0.0
dw1050p1353,NGC3379,162.5848,13.8961,270.8,18.78,0.11,18.23,0.11,-11.37,-11.69,0.11,6.74,0.14,26.65,0.15,1156.2,98.5,True,False,0.9,gr,DECALS,nan,10.7,22.2881652387576,27.5258462759356,161.956667,12.581631,10.7,nan,0.0
dw1051p1359,NGC3379,162.7459,13.9927,300.1,20.89,0.18,20.4,0.18,-9.25,-9.54,0.19,5.82,0.2,24.73,0.27,297.6,49.6,True,False,0.4,gr,DECALS,nan,10.7,5.73686040404744,26.6888460930009,161.956667,12.581631,10.7,nan,0.0
dw1051p1101,NGC3379,162.7661,11.02,327.1,18.06,0.1,17.59,0.1,-12.08,-12.36,0.1,6.9,0.13,25.39,0.13,1310.5,94.6,True,False,0.95,gr,DECALS,nan,10.7,25.2626193677778,27.0778665747469,161.956667,12.581631,10.7,nan,0.0
dw1051p1310,NGC3379,162.9739,13.1694,215.3,20.25,0.15,19.76,0.14,-9.9,-10.19,0.15,6.05,0.17,24.2,0.22,218.2,28.9,True,False,0.2,gr,DECALS,nan,10.7,4.20625988008202,25.3749551901522,161.956667,12.581631,10.7,nan,0.0
dw1054p1217,NGC3379,163.7206,12.2967,326.2,18.18,0.1,17.74,0.1,-11.96,-12.23,0.1,6.81,0.13,22.78,0.13,377.0,27.9,False,False,0.35,gr,DECALS,nan,10.7,7.26746092738105,24.492388209322,161.956667,12.581631,10.7,nan,0.0
dw1104p0004,NGC3521,166.1606,0.0815,61.5,20.25,0.15,19.67,0.14,-10.0,-10.33,0.15,6.24,0.17,24.74,0.22,280.9,37.2,True,True,1.0,gr,DECALS,nan,11.2,5.17319500559472,25.8242689298193,166.45236707974,-0.03590141015,11.2,nan,1.0
dw1104p0003,NGC3521,166.1676,0.0581,58.6,16.57,0.09,16.03,0.09,-13.67,-13.99,0.09,7.66,0.13,23.06,0.11,852.8,48.7,True,True,1.0,gr,DECALS,nan,11.2,15.7055916453195,24.5557461884827,166.45236707974,-0.03590141015,11.2,nan,1.0
dw1104p0005,NGC3521,166.1711,0.0936,60.5,20.67,0.17,20.21,0.17,-9.57,-9.84,0.17,5.87,0.18,25.84,0.25,642.4,98.7,True,True,1.0,gr,DECALS,nan,11.2,11.8307599453418,28.0405378932386,166.45236707974,-0.03590141015,11.2,nan,1.0
dw1105p0006,NGC3521,166.4217,0.1163,30.3,16.0,0.09,15.46,0.09,-14.24,-14.56,0.09,7.9,0.13,25.91,0.11,3413.8,184.1,False,True,1.0,gr,DECALS,nan,11.2,62.870247657146,26.9977005373212,166.45236707974,-0.03590141015,11.2,nan,1.0
dw1106m0126,NGC3521,166.5313,-1.4476,276.5,17.45,0.09,16.9,0.1,-12.79,-13.11,0.1,7.31,0.13,23.94,0.12,773.1,49.8,True,True,1.0,gr,DECALS,nan,11.2,14.2377965586041,25.2226885971708,166.45236707974,-0.03590141015,11.2,nan,1.0
dw1106m0052,NGC3521,166.6084,-0.8797,167.7,19.03,0.11,18.55,0.11,-11.21,-11.5,0.12,6.57,0.14,24.71,0.15,635.8,57.9,True,True,1.0,gr,DECALS,nan,11.2,11.7092110420563,26.3781128498279,166.45236707974,-0.03590141015,11.2,nan,1.0
dw1107m0038,NGC3521,166.776,-0.6338,132.9,21.14,0.19,20.57,0.19,-9.11,-9.44,0.2,5.88,0.23,25.94,0.3,343.5,62.6,True,True,1.0,gr,DECALS,nan,11.2,6.32606793961272,27.1511439405637,166.45236707974,-0.03590141015,11.2,nan,1.0
dw110m0011,NGC3521,166.8051,-0.1869,75.0,17.62,0.1,17.11,0.1,-12.63,-12.92,0.1,7.19,0.13,24.72,0.12,1067.0,70.7,True,True,1.0,gr,DECALS,nan,11.2,19.6504060356987,26.0923323248197,166.45236707974,-0.03590141015,11.2,nan,1.0
dw1109m0016,NGC3521,167.3283,-0.2771,177.6,18.84,0.11,18.23,0.11,-11.4,-11.76,0.11,6.87,0.14,25.39,0.15,901.4,78.0,True,True,1.0,gr,DECALS,nan,11.2,16.6006335669369,26.946097998253,166.45236707974,-0.03590141015,11.2,nan,1.0
dw1110p0037,NGC3521,167.6231,0.6169,262.0,16.89,0.09,16.28,0.09,-13.36,-13.71,0.09,7.64,0.13,22.64,0.12,795.6,47.1,True,True,1.0,gr,DECALS,nan,11.2,14.6521678191217,24.7249841028762,166.45236707974,-0.03590141015,11.2,nan,1.0
dw1111p0049,NGC3521,167.8493,0.8315,321.5,18.83,0.11,18.33,0.11,-11.41,-11.71,0.11,6.7,0.14,25.88,0.15,843.0,72.8,True,True,1.0,gr,DECALS,nan,11.2,15.5251099408877,26.7906481032898,166.45236707974,-0.03590141015,11.2,nan,1.0
dw1104p0033,NGC3521,166.2068,0.5506,124.3,21.41,0.21,20.96,0.22,-8.83,-9.1,0.22,5.58,0.24,24.91,0.34,338.2,68.4,True,False,0.25,gr,DECALS,nan,11.2,6.22846048674691,27.3873782499153,166.45236707974,-0.03590141015,11.2,nan,1.0
dw1119p5543,NGC3556,169.9523,55.7224,195.3,16.18,0.09,15.81,0.09,-13.72,-13.94,0.09,7.37,0.13,21.21,0.11,433.2,23.7,False,True,1.0,gr,DECALS,nan,9.55,9.35643078585926,23.0410257279759,167.879029,55.674122,9.55,nan,1.0
dw1104p5534,NGC3556,166.1661,55.5745,161.7,20.2,0.15,19.71,0.14,-9.7,-9.99,0.15,5.97,0.16,24.23,0.21,252.7,32.9,True,False,0.05,gr,DECALS,nan,9.55,5.45791796088756,25.8906096987917,167.879029,55.674122,9.55,nan,1.0
dw1108p5520,NGC3556,167.2484,55.3412,80.9,19.08,0.11,18.49,0.11,-10.82,-11.17,0.12,6.61,0.14,24.65,0.16,431.0,39.8,True,False,0.75,gr,DECALS,nan,9.55,9.3089142860881,25.9299698390283,167.879029,55.674122,9.55,nan,1.0
dw1109p5447,NGC3556,167.305,54.7856,157.5,19.45,0.12,19.22,0.12,-10.45,-10.59,0.13,5.82,0.14,24.34,0.17,304.4,31.2,False,False,0.5,gr,DECALS,nan,9.55,6.57455570684323,25.5448067294562,167.879029,55.674122,9.55,nan,1.0
dw1110p5429,NGC3556,167.6471,54.4973,197.1,20.48,0.16,20.06,0.16,-9.42,-9.67,0.16,5.74,0.18,24.86,0.23,234.1,33.6,False,False,0.55,gr,DECALS,nan,9.55,5.05618755317001,26.0045905577471,167.879029,55.674122,9.55,nan,1.0
dw1111p5631,NGC3556,167.9472,56.532,143.4,18.78,0.11,18.26,0.11,-11.12,-11.42,0.11,6.61,0.14,24.28,0.15,664.8,56.7,True,False,0.65,gr,DECALS,nan,9.55,14.3586223006881,26.5710385400716,167.879029,55.674122,9.55,nan,1.0
dw1111p5547,NGC3556,167.9859,55.7993,23.5,19.97,0.14,19.39,0.13,-9.93,-10.27,0.14,6.23,0.15,24.24,0.2,233.6,28.2,True,False,0.3,gr,DECALS,nan,9.55,5.04538834866093,25.4899476814676,167.879029,55.674122,9.55,nan,1.0
dw1113p5529,NGC3556,168.2805,55.4926,48.6,20.6,0.16,20.41,0.18,-9.3,-9.41,0.17,5.31,0.18,25.48,0.24,328.9,49.3,False,False,0.65,gr,DECALS,nan,9.55,7.10371672752336,26.8629028562536,167.879029,55.674122,9.55,nan,1.0
dw1113p5541,NGC3556,168.293,55.6886,39.4,20.13,0.14,19.63,0.14,-9.77,-10.06,0.15,6.02,0.16,25.23,0.21,428.3,54.4,True,False,0.65,gr,DECALS,nan,9.55,9.25059858182214,26.9663238602259,167.879029,55.674122,9.55,nan,1.0
dw1113p5644,NGC3556,168.3996,56.7355,183.7,20.21,0.15,19.94,0.15,-9.69,-9.85,0.15,5.58,0.17,24.57,0.21,227.6,29.8,False,False,0.3,gr,DECALS,nan,9.55,4.91579789454984,25.6734447779029,167.879029,55.674122,9.55,nan,1.0
dw1116p5551,NGC3556,169.0317,55.8617,112.9,21.16,0.19,20.66,0.19,-8.74,-9.03,0.2,5.6,0.22,25.51,0.3,284.7,52.3,True,False,0.5,gr,DECALS,nan,9.55,6.14906704933528,27.1095208247904,167.879029,55.674122,9.55,nan,1.0
dw1116p5537,NGC3556,169.1718,55.6168,122.3,18.97,0.11,18.38,0.11,-10.93,-11.28,0.12,6.65,0.14,22.23,0.15,229.6,20.5,True,False,0.05,gr,DECALS,nan,9.55,4.9589947125873,24.4524429079102,167.879029,55.674122,9.55,nan,1.0
dw1122p5515,NGC3556,170.7418,55.262,279.4,19.84,0.13,19.28,0.13,-10.06,-10.39,0.14,6.25,0.15,24.47,0.19,283.2,32.7,True,False,0.45,gr,DECALS,nan,9.55,6.11666943581726,25.778049734151,167.879029,55.674122,9.55,nan,1.0
dw1123p5602,NGC3556,170.832,56.0487,283.7,19.68,0.13,19.34,0.13,-10.22,-10.42,0.13,5.93,0.15,24.01,0.18,236.9,26.1,False,False,0.35,gr,DECALS,nan,9.55,5.11666309842034,25.2304087928673,167.879029,55.674122,9.55,nan,1.0
NGC3593,NGC3627,168.6539,12.8178,253.6,11.17,0.08,10.26,0.09,-18.93,-19.47,0.09,10.43,0.13,16.07,0.11,2864.4,135.0,False,True,1.0,gr,DECALS,nan,10.5,56.2690377483637,21.926822123673,170.062608,12.991289,10.5,nan,0.0
dw1114p1238,NGC3627,168.6877,12.6477,253.6,17.18,0.09,16.83,0.1,-12.93,-13.13,0.1,7.01,0.13,21.78,0.12,367.0,22.6,False,True,1.0,gr,DECALS,nan,10.5,7.20944608208171,23.4749841726441,170.062608,12.991289,10.5,nan,0.0
dw1117p1305,NGC3627,169.2544,13.0993,145.6,15.55,0.09,15.07,0.09,-14.56,-14.84,0.09,7.91,0.13,21.77,0.11,724.6,37.8,False,True,1.0,gr,DECALS,nan,10.5,14.2342360351798,23.3221454973135,170.062608,12.991289,10.5,nan,0.0
dw1118p1233,NGC3627,169.6759,12.5614,104.8,17.07,0.09,16.48,0.09,-13.04,-13.38,0.09,7.48,0.13,22.5,0.12,521.0,31.8,True,True,1.0,gr,DECALS,nan,10.5,10.2346632349089,24.1258424669835,170.062608,12.991289,10.5,nan,0.0
dw1118p1348,NGC3627,169.7234,13.8054,160.9,18.86,0.11,18.39,0.11,-11.24,-11.52,0.11,6.57,0.14,25.58,0.15,654.2,56.9,True,True,1.0,gr,DECALS,nan,10.5,12.8512796259281,26.410206548403,170.062608,12.991289,10.5,nan,0.0
NGC3623,NGC3627,169.733,13.0924,61.6,nan,nan,nan,nan,nan,-20.9,nan,10.69,nan,nan,nan,nan,nan,False,True,1.0,nan,nan,nan,10.5,nan,nan,170.062608,12.991289,10.5,nan,0.0
dw1119p1419,NGC3627,169.8029,14.3272,249.1,16.39,0.09,15.9,0.09,-13.72,-14.0,0.09,7.59,0.13,23.79,0.11,1257.1,69.9,False,True,1.0,gr,DECALS,nan,10.5,24.6948082566028,25.358502973842,170.062608,12.991289,10.5,nan,0.0
dw1119p1157,NGC3627,169.8098,11.9524,195.7,16.22,0.09,15.95,0.09,-13.89,-14.04,0.09,7.26,0.13,22.58,0.11,937.5,51.6,False,True,1.0,gr,DECALS,nan,10.5,18.4165005088381,24.5515102284964,170.062608,12.991289,10.5,nan,0.0
dw1119p1417,NGC3627,169.8161,14.2901,242.0,17.12,0.09,16.66,0.09,-12.98,-13.26,0.09,7.26,0.13,21.26,0.12,365.4,22.4,False,True,1.0,gr,DECALS,nan,10.5,7.17801525450133,23.405496566474,170.062608,12.991289,10.5,nan,0.0
dw1119p1404,NGC3627,169.8397,14.0755,202.6,16.5,0.09,15.91,0.09,-13.61,-13.95,0.09,7.72,0.13,23.21,0.11,953.1,53.5,True,True,1.0,gr,DECALS,nan,10.5,18.7229510756356,24.8673461940381,170.062608,12.991289,10.5,nan,0.0
dw1120p1332,NGC3627,170.0666,13.5488,102.1,17.91,0.1,17.4,0.1,-12.19,-12.49,0.1,7.02,0.13,23.78,0.13,667.0,46.7,True,True,1.0,gr,DECALS,nan,10.5,13.1027262458817,25.5022830189299,170.062608,12.991289,10.5,nan,0.0
NGC3628,NGC3627,170.0707,13.5897,109.6,nan,nan,nan,nan,nan,-20.7,nan,10.64,nan,nan,nan,nan,nan,False,True,1.0,nan,nan,nan,10.5,nan,nan,170.062608,12.991289,10.5,nan,0.0
dw1120p1337,NGC3627,170.2549,13.6072,117.9,14.46,0.09,13.74,0.09,-15.64,-16.06,0.09,8.77,0.13,24.69,0.11,13337.2,658.8,True,True,1.0,gr,DECALS,yes,10.5,261.999380415767,28.5569760031751,170.062608,12.991289,10.5,nan,0.0
dw1121p1326,NGC3627,170.4037,13.4471,103.3,19.43,0.12,18.8,0.11,-10.67,-11.05,0.13,6.63,0.14,24.94,0.17,502.2,51.2,True,True,1.0,gr,DECALS,nan,10.5,9.86535101126712,26.4060373924967,170.062608,12.991289,10.5,nan,0.0
dw1122p1258,NGC3627,170.6002,12.9795,96.1,16.53,0.09,16.03,0.09,-13.57,-13.87,0.09,7.56,0.13,21.55,0.11,421.1,27.3,True,True,1.0,gr,DECALS,nan,10.5,8.27220093943667,23.1235800582051,170.062608,12.991289,10.5,nan,0.0
IC2782,NGC3627,170.7307,13.4413,145.0,14.63,0.09,14.04,0.09,-15.48,-15.82,0.09,8.47,0.13,21.21,0.11,915.7,45.4,True,True,1.0,gr,DECALS,nan,10.5,17.9882554858697,22.9104199176968,170.062608,12.991289,10.5,nan,0.0
dw1123p1342,NGC3627,170.806,13.7141,187.4,17.55,0.09,17.49,0.1,-12.55,-12.6,0.1,6.36,0.13,25.91,0.12,1557.2,102.0,False,True,1.0,gr,DECALS,nan,10.5,30.5900527555385,26.9833758115786,170.062608,12.991289,10.5,nan,0.0
IC2787,NGC3627,170.8296,13.6298,180.0,14.95,0.09,14.45,0.09,-15.16,-15.45,0.09,8.18,0.13,20.14,0.11,1004.2,50.6,False,True,1.0,gr,DECALS,nan,10.5,19.7267731239825,23.430754930839,170.062608,12.991289,10.5,nan,0.0
IC2791,NGC3627,170.9066,12.896,151.8,16.72,0.09,16.34,0.09,-13.38,-13.61,0.09,7.27,0.13,21.16,0.12,538.9,31.3,False,True,1.0,gr,DECALS,nan,10.5,10.5862956179962,23.8491947683414,170.062608,12.991289,10.5,nan,0.0
dw1124p1240,NGC3627,171.1445,12.6743,201.9,18.23,0.1,17.77,0.1,-11.88,-12.14,0.1,6.79,0.13,25.93,0.13,957.7,71.6,False,True,1.0,gr,DECALS,nan,10.5,18.8133147042909,26.6078012833463,170.062608,12.991289,10.5,nan,0.0
dw1114p1307,NGC3627,168.7127,13.1316,242.3,19.72,0.13,19.28,0.13,-10.39,-10.65,0.13,6.17,0.15,26.37,0.18,658.9,73.4,True,False,0.65,gr,DECALS,nan,10.5,12.9436076816968,27.2857513871553,170.062608,12.991289,10.5,nan,0.0
dw1116p1356,NGC3627,169.0325,13.9412,253.0,20.06,0.14,19.52,0.13,-10.04,-10.36,0.15,6.2,0.16,24.87,0.2,409.2,50.9,True,False,0.55,gr,DECALS,nan,10.5,8.03843415938875,26.5913319763692,170.062608,12.991289,10.5,nan,0.0
dw1116p1324,NGC3627,169.0973,13.4101,188.5,19.89,0.13,19.1,0.12,-10.22,-10.68,0.14,6.71,0.15,26.69,0.19,2175.7,255.6,True,False,0.55,gr,DECALS,yes,10.5,42.7400316694322,30.0496488798899,170.062608,12.991289,10.5,nan,0.0
dw1117p1250,NGC3627,169.4349,12.8369,115.6,20.24,0.15,19.79,0.14,-9.87,-10.13,0.15,5.97,0.17,25.6,0.22,708.3,93.5,True,False,0.75,gr,DECALS,nan,10.5,13.9140344803062,27.9627400579661,170.062608,12.991289,10.5,nan,0.0
dw1118p1330,NGC3627,169.5661,13.5139,130.4,20.21,0.15,19.65,0.14,-9.89,-10.22,0.15,6.18,0.16,25.84,0.21,392.1,51.3,True,False,0.65,gr,DECALS,nan,10.5,7.70251718970407,26.6486380627596,170.062608,12.991289,10.5,nan,0.0
dw1119p1210,NGC3627,169.8996,12.177,152.1,21.17,0.2,20.59,0.19,-8.93,-9.27,0.2,5.83,0.22,24.88,0.3,243.9,45.0,True,False,0.35,gr,DECALS,nan,10.5,4.79123678424939,26.577712853446,170.062608,12.991289,10.5,nan,0.0
dw1120p1223,NGC3627,170.2214,12.3918,113.5,19.92,0.14,19.44,0.13,-10.18,-10.46,0.14,6.15,0.15,24.55,0.19,335.4,39.9,True,False,0.45,gr,DECALS,nan,10.5,6.58868723730919,26.0194691428797,170.062608,12.991289,10.5,nan,0.0
dw1121p1129,NGC3627,170.2651,11.487,278.2,20.76,0.17,20.24,0.17,-9.34,-9.65,0.18,5.89,0.19,24.53,0.26,348.7,55.3,True,False,0.3,gr,DECALS,nan,10.5,6.84995599161155,26.9439135883495,170.062608,12.991289,10.5,nan,0.0
dw1121p1411,NGC3627,170.372,14.1967,227.7,19.64,0.13,19.02,0.12,-10.47,-10.83,0.13,6.5,0.15,26.06,0.18,682.5,74.1,True,False,0.8,gr,DECALS,nan,10.5,13.4072123871794,27.2821671277738,170.062608,12.991289,10.5,nan,0.0
dw1123p1346,NGC3627,170.9852,13.7781,218.8,19.69,0.13,19.11,0.12,-10.41,-10.75,0.13,6.43,0.15,24.87,0.18,413.5,45.7,True,False,0.7,gr,DECALS,nan,10.5,8.12290450848411,26.2440314205882,170.062608,12.991289,10.5,nan,0.0
dw1125p1316,NGC3627,171.4794,13.269,258.0,16.88,0.09,16.31,0.09,-13.23,-13.56,0.09,7.52,0.13,20.14,0.12,311.2,18.4,True,False,0.5,gr,DECALS,nan,10.5,6.1132959700287,22.8168517932204,170.062608,12.991289,10.5,nan,0.0
dw1126p1246,NGC3627,171.5894,12.7713,275.8,20.61,0.16,20.12,0.16,-9.49,-9.78,0.17,5.89,0.18,25.12,0.25,300.6,45.2,True,False,0.7,gr,DECALS,nan,10.5,5.90506673723219,26.4715987329291,170.062608,12.991289,10.5,nan,0.0
NGC4248,NGC4258,184.4591,47.4092,27.3,12.68,0.02,12.2,0.02,-16.6,-16.89,0.02,8.73,0.1,20.22,0.04,1877.2,17.1,False,True,1.0,gr,CFHT,nan,7.2,53.7778174324441,23.3384905439609,184.740083,47.303719,7.2,nan,1.0
LVJ1218+4655,NGC4258,184.5465,46.9172,51.3,16.49,0.02,16.29,0.03,-12.8,-12.92,0.02,6.71,0.1,21.85,0.05,562.2,20.4,False,True,1.0,gr,CFHT,nan,7.2,16.105843588395,24.5303920674052,184.740083,47.303719,7.2,nan,1.0
dw1219p4743,NGC4258,184.7757,47.7302,53.7,18.16,0.16,17.78,0.17,-11.13,-11.35,0.16,6.36,0.13,24.43,0.1,484.4,44.2,True,True,1.0,gr,CFHT,nan,7.2,13.8770377771313,25.8769585345401,184.740083,47.303719,7.2,nan,1.0
UGC7356,NGC4258,184.7875,47.0899,27.2,15.28,0.09,14.77,0.1,-14.01,-14.31,0.1,7.73,0.12,23.08,0.16,887.9,60.2,True,True,1.0,gr,CFHT,nan,7.2,25.4364611858897,24.3127581343954,184.740083,47.303719,7.2,nan,1.0
dw1220p4729,NGC4258,185.1256,47.4906,40.4,20.41,0.35,20.15,0.27,-8.87,-9.03,0.35,5.25,0.17,26.9,0.25,429.9,68.2,True,True,1.0,gr,CFHT,nan,7.2,12.3157277917015,27.8677750884658,184.740083,47.303719,7.2,nan,1.0
dw1220p4649,NGC4258,185.2286,46.8302,72.8,18.9,0.13,18.43,0.1,-10.39,-10.66,0.14,6.23,0.14,25.21,0.08,422.2,23.6,True,True,1.0,gr,CFHT,nan,7.2,12.0951390413486,26.3185290078306,184.740083,47.303719,7.2,nan,1.0
dw1223p4739,NGC4258,185.9424,47.6589,111.5,18.12,0.09,17.69,0.08,-11.16,-11.42,0.09,6.46,0.13,24.88,0.07,555.8,80.9,True,True,1.0,gr,CFHT,nan,7.2,15.9224970950583,26.1355305733548,184.740083,47.303719,7.2,nan,1.0
dw1223p4644,NGC4258,185.9542,46.7495,125.2,20.55,0.16,20.09,0.16,-8.74,-9.01,0.17,5.54,0.18,24.46,0.24,118.6,17.4,True,False,0.15,gr,DECALS,nan,7.2,3.39763972481848,25.2113613104061,184.740083,47.303719,7.2,nan,1.0
dw1227p0136,NGC4517,186.9438,1.5998,282.2,15.72,0.09,15.63,0.09,-13.88,-13.94,0.09,6.96,0.13,23.52,0.11,1578.4,83.3,False,True,1.0,gr,DECALS,nan,8.34,39.0369743757004,25.6828554297236,188.189942,0.115039,8.34,NGC4437,1.0
dw1231p0140,NGC4517,187.766,1.6758,235.5,15.53,0.09,15.18,0.09,-14.07,-14.28,0.09,7.48,0.13,21.88,0.11,496.4,25.8,False,True,1.0,gr,DECALS,nan,8.34,12.2769603957011,22.9809289559981,188.189942,0.115039,8.34,NGC4437,1.0
dw1232p0015,NGC4517,188.1505,0.2625,22.2,17.51,0.09,16.93,0.1,-12.09,-12.43,0.1,7.09,0.13,22.15,0.12,278.5,18.1,True,True,1.0,gr,DECALS,nan,8.34,6.887859534588,23.7058960911705,188.189942,0.115039,8.34,NGC4437,1.0
dw1236m0025,NGC4517,189.1755,-0.4305,164.0,18.68,0.11,18.46,0.11,-10.93,-11.06,0.11,5.98,0.13,23.77,0.14,400.9,33.3,False,True,1.0,gr,DECALS,nan,8.34,9.91505524709469,25.666950374009,188.189942,0.115039,8.34,NGC4437,1.0
dw1238p0028,NGC4517,189.5586,0.4771,206.1,19.7,0.13,19.18,0.12,-9.91,-10.21,0.13,6.11,0.15,26.12,0.18,457.7,50.6,True,True,1.0,gr,DECALS,nan,8.34,11.3198323410691,26.9746746543854,188.189942,0.115039,8.34,NGC4437,1.0
dw1238m0035,NGC4517,189.7051,-0.5978,243.8,19.2,0.12,18.74,0.11,-10.4,-10.67,0.12,6.21,0.14,23.71,0.16,244.0,23.3,True,True,1.0,gr,DECALS,nan,8.34,6.03460584051942,25.108719225503,188.189942,0.115039,8.34,NGC4437,1.0
dw1238m0105,NGC4517,189.7086,-1.0868,282.0,20.42,0.15,19.99,0.15,-9.18,-9.44,0.16,5.68,0.18,24.3,0.23,203.3,28.6,True,True,1.0,gr,DECALS,nan,8.34,5.02801380116653,25.932456987189,188.189942,0.115039,8.34,NGC4437,1.0
dw1239m0039,NGC4517,189.7608,-0.6644,255.3,16.88,0.09,16.57,0.09,-12.72,-12.91,0.09,6.88,0.13,24.23,0.12,832.2,49.3,False,True,1.0,gr,DECALS,nan,8.34,20.5819629723168,25.4529086445065,188.189942,0.115039,8.34,NGC4437,1.0
NGC4592,NGC4517,189.8273,-0.5318,256.3,12.04,0.08,11.66,0.09,-17.56,-17.79,0.09,8.94,0.13,20.05,0.11,2030.4,96.2,False,True,1.0,gr,DECALS,nan,8.34,50.2158338525281,22.5496780752814,188.189942,0.115039,8.34,NGC4437,1.0
dw1234p2531,NGC4565,188.6007,25.5221,132.7,16.72,0.03,16.18,0.02,-13.66,-13.97,0.03,7.64,0.12,23.33,0.03,1074.2,28.2,True,True,1.0,gr,CFHT,nan,11.9,18.6192986780515,25.0752912749543,189.086683,25.987392,11.9,nan,0.0
NGC4562,NGC4565,188.8948,25.8503,45.8,13.51,0.01,13.05,0.01,-16.86,-17.13,0.01,8.79,0.1,21.05,0.0,2004.3,8.0,False,True,1.0,gr,CFHT,nan,11.9,34.7408863236776,23.2196791524882,189.086683,25.987392,11.9,nan,0.0
IC3571,NGC4565,189.0835,26.0843,20.1,16.58,0.01,16.42,0.01,-13.8,-13.89,0.01,7.03,0.1,22.42,0.02,506.5,5.1,False,True,1.0,gr,CFHT,nan,11.9,8.77925414294673,23.3027627878252,189.086683,25.987392,11.9,nan,0.0
dw1237p2602,NGC4565,189.2549,26.036,33.0,18.04,0.06,17.65,0.07,-12.33,-12.56,0.06,6.86,0.1,22.22,0.31,457.8,33.6,False,True,1.0,gr,CFHT,nan,11.9,7.93512842465014,24.5432444812763,189.086683,25.987392,11.9,nan,0.0
dw1234p2618,NGC4565,188.7398,26.3141,93.7,20.25,0.06,19.93,0.05,-10.13,-10.32,0.06,5.85,0.11,24.11,0.12,262.3,10.0,False,False,0.3,gr,CFHT,nan,11.9,4.54649232519759,25.5438569932551,189.086683,25.987392,11.9,nan,0.0
dw1235p2616,NGC4565,188.843,26.2706,74.3,20.55,0.13,20.02,0.15,-9.83,-10.14,0.13,6.08,0.13,22.77,0.45,249.8,51.5,True,False,0.05,gr,CFHT,nan,11.9,4.32982761285349,25.7378277105266,189.086683,25.987392,11.9,nan,0.0
dw1236p2634,NGC4565,189.2441,26.5786,126.2,20.9,0.18,20.4,0.18,-9.48,-9.77,0.19,5.9,0.2,24.25,0.19,369.6,0.2,True,False,0.1,gr,CFHT,nan,11.9,6.40634221549691,26.9385253526971,189.086683,25.987392,11.9,nan,0.0
dw1237p2605,NGC4565,189.3618,26.0855,55.2,19.83,0.31,19.42,0.35,-10.55,-10.79,0.31,6.18,0.21,26.38,0.24,730.2,189.9,True,False,0.7,gr,CFHT,nan,11.9,12.6566858262687,27.3470746809982,189.086683,25.987392,11.9,nan,0.0
dw1237p2637,NGC4565,189.4283,26.6243,146.7,20.19,0.08,19.65,0.11,-10.19,-10.5,0.09,6.26,0.15,23.78,0.4,301.9,51.4,True,False,0.25,gr,CFHT,nan,11.9,5.23288613383518,25.7891811053046,189.086683,25.987392,11.9,nan,0.0
dw1237m1125,M104,189.2985,-11.4332,118.5,18.32,0.06,17.57,0.25,-11.58,-11.87,0.11,6.77,0.12,23.35,0.33,350.1,18.5,True,True,1.0,gi,CFHT,nan,9.55,7.56160299840403,24.7185440425513,189.99762604243,-11.62305229578,9.55,NGC4594,1.0
dw1239m1159,M104,189.7877,-11.9867,69.6,19.14,0.22,18.66,0.22,-10.76,-10.94,0.22,6.08,0.13,25.39,0.19,561.5,117.3,True,True,1.0,gi,CFHT,nan,9.55,12.1275066569933,26.5643322901841,189.99762604243,-11.62305229578,9.55,NGC4594,1.0
dw1239m1143,M104,189.8136,-11.7189,34.0,16.46,0.03,15.67,0.02,-13.44,-13.74,0.03,7.57,0.12,22.55,0.02,606.1,11.9,True,True,1.0,gi,CFHT,nan,9.55,13.0907956961792,24.0503049068334,189.99762604243,-11.62305229578,9.55,NGC4594,1.0
dw1239m1113,M104,189.8866,-11.2268,68.5,18.3,0.25,17.47,0.29,-11.6,-11.92,0.26,6.88,0.12,25.31,0.23,683.7,105.6,True,True,1.0,gi,CFHT,nan,9.55,14.7668322293412,26.1519113854892,189.99762604243,-11.62305229578,9.55,NGC4594,1.0
dw1239m1120,M104,189.9645,-11.3413,47.3,19.47,0.1,18.9,0.1,-10.43,-10.65,0.1,6.07,0.13,24.74,0.08,313.3,29.2,True,True,1.0,gi,CFHT,nan,9.55,6.76678154701904,25.6273854633284,189.99762604243,-11.62305229578,9.55,NGC4594,1.0
dw1239m1144,M104,189.9787,-11.746,20.7,17.31,0.29,16.64,0.26,-12.59,-12.85,0.3,7.06,0.12,24.74,0.2,1042.8,208.2,True,True,1.0,gi,CFHT,nan,9.55,22.5228208481258,26.07858859355,189.99762604243,-11.62305229578,9.55,NGC4594,1.0
dw1240m1118,M104,190.0392,-11.3139,52.0,15.95,0.03,15.13,0.03,-13.95,-14.26,0.03,7.8,0.12,22.09,0.08,660.5,16.9,True,True,1.0,gi,CFHT,nan,9.55,14.2657491423015,23.7269475959893,189.99762604243,-11.62305229578,9.55,NGC4594,1.0
dw1240m1140,M104,190.0733,-11.6793,15.5,18.34,0.38,17.47,0.4,-11.56,-11.89,0.38,6.92,0.12,24.54,0.22,1433.7,83.6,True,True,1.0,gi,CFHT,yes,9.55,30.9656387952702,27.7998748995878,189.99762604243,-11.62305229578,9.55,NGC4594,1.0
dw1241m1131,M104,190.2617,-11.5288,45.9,19.81,0.18,19.16,0.22,-10.09,-10.34,0.18,6.03,0.13,24.56,0.21,344.3,43.1,True,True,1.0,gi,CFHT,nan,9.55,7.43633222618918,26.1722686022815,189.99762604243,-11.62305229578,9.55,NGC4594,1.0
dw1241m1153,M104,190.3002,-11.8916,66.6,18.33,0.19,17.61,0.17,-11.57,-11.85,0.19,6.71,0.12,25.46,0.1,719.0,86.1,True,True,1.0,gi,CFHT,nan,9.55,15.5292560640264,26.2912279375105,189.99762604243,-11.62305229578,9.55,NGC4594,1.0
dw1241m1155,M104,190.3281,-11.9254,73.8,17.5,0.11,16.72,0.13,-12.4,-12.7,0.11,7.13,0.12,24.83,0.11,756.3,54.6,True,True,1.0,gi,CFHT,nan,9.55,16.3348767160793,25.5710539871399,189.99762604243,-11.62305229578,9.55,NGC4594,1.0
dw1238m1122,M104,189.6402,-11.3681,72.2,17.58,0.1,16.75,0.09,-12.32,-12.65,0.1,7.17,0.12,23.42,0.1,651.7,0.1,False,False,0.65,gi,CFHT,yes,9.55,14.0756831437248,25.3278220913062,189.99762604243,-11.62305229578,9.55,NGC4594,1.0
dw1238m1102,M104,189.7429,-11.036,106.3,20.78,0.25,20.26,0.27,-9.12,-9.33,0.26,5.49,0.25,25.52,0.29,228.3,25.6,True,False,0.65,gi,CFHT,nan,9.55,4.930916780863,26.2501130467364,189.99762604243,-11.62305229578,9.55,NGC4594,1.0
dw1242m1116,M104,190.6825,-11.2739,126.1,17.94,0.22,17.37,0.15,-11.96,-12.19,0.22,6.67,0.17,24.45,0.16,1299.5,229.2,True,False,0.95,gi,CFHT,nan,9.55,28.0671323626971,27.1864648954818,189.99762604243,-11.62305229578,9.55,NGC4594,1.0
dw1242m1129,M104,190.7067,-11.4893,117.9,21.17,0.24,20.44,0.24,-8.73,-9.02,0.24,5.58,0.22,24.79,0.23,153.0,22.0,True,False,0.2,gi,CFHT,nan,9.55,3.30455658147704,25.7710406436011,189.99762604243,-11.62305229578,9.55,NGC4594,1.0
dw1236p3336,NGC4631,189.2059,33.6131,199.5,16.67,0.09,16.42,0.09,-12.68,-12.82,0.09,6.74,0.13,21.96,0.11,423.5,24.4,False,True,1.0,gr,DECALS,nan,7.4,11.8044791013889,24.0357088199257,190.533371,32.541511,7.4,nan,1.0
dw1239p3230,NGC4631,189.7713,32.5046,83.1,18.27,0.1,17.95,0.1,-11.08,-11.26,0.1,6.23,0.13,23.07,0.1,802.1,0.1,False,True,1.0,gr,CFHT,nan,7.4,22.3574324922796,27.0225843221591,190.533371,32.541511,7.4,nan,1.0
dw1239p3251,NGC4631,189.8317,32.8608,86.7,20.25,0.25,19.75,0.24,-9.09,-9.39,0.26,5.78,0.17,25.95,0.23,450.4,51.6,True,True,1.0,gr,CFHT,nan,7.4,12.5542795431045,27.7494336554978,190.533371,32.541511,7.4,nan,1.0
dw1240p3216,NGC4631,190.2209,32.2822,47.8,18.98,0.1,18.49,0.09,-10.36,-10.65,0.1,6.25,0.14,24.25,0.09,312.8,20.0,True,True,1.0,gr,CFHT,nan,7.4,8.71886910211681,25.6877754696085,190.533371,32.541511,7.4,nan,1.0
dw1240p3247,NGC4631,190.2437,32.7904,45.0,16.32,0.64,15.71,0.42,-13.03,-13.39,0.67,7.53,0.13,25.86,0.45,2258.5,684.5,True,True,1.0,gr,CFHT,nan,7.4,62.9525743844132,27.3205421560265,190.533371,32.541511,7.4,nan,1.0
dw1241p3251,NGC4631,190.4464,32.8577,41.9,15.71,0.05,15.57,0.07,-13.64,-13.72,0.05,6.92,0.11,22.27,0.04,651.8,33.3,False,True,1.0,gr,CFHT,nan,7.4,18.1680270762398,24.0120135239927,190.533371,32.541511,7.4,nan,1.0
NGC4627,NGC4631,190.4987,32.574,5.6,12.86,0.03,12.5,0.04,-16.49,-16.7,0.03,8.45,0.11,19.82,0.05,948.2,29.9,False,True,1.0,gr,CFHT,yes,7.4,26.4297686774474,21.9759414919932,190.533371,32.541511,7.4,nan,1.0
dw1242p3237,NGC4631,190.5255,32.6219,10.4,19.16,0.46,18.86,0.43,-10.19,-10.37,0.47,5.84,0.37,27.03,0.28,621.5,114.1,True,True,1.0,gr,CFHT,nan,7.4,17.3234563217778,27.3586474087454,190.533371,32.541511,7.4,nan,1.0
dw1242p3158,NGC4631,190.6308,31.9692,74.7,19.2,0.1,18.71,0.08,-10.14,-10.43,0.1,6.15,0.14,24.17,0.12,251.3,22.0,True,True,1.0,gr,CFHT,nan,7.4,7.00464132296884,25.4324041910909,190.533371,32.541511,7.4,nan,1.0
dw1243p3228,NGC4631,190.8534,32.4821,35.7,16.75,0.03,16.31,0.03,-12.6,-12.86,0.03,7.06,0.13,23.25,0.03,574.7,10.7,True,True,1.0,gr,CFHT,nan,7.4,16.0189707989033,24.7786477302656,190.533371,32.541511,7.4,nan,1.0
NGC4656,NGC4631,190.9905,32.1681,69.4,nan,nan,nan,nan,nan,-18.9,nan,8.46,nan,nan,nan,nan,nan,False,True,1.0,nan,nan,nan,7.4,nan,nan,190.533371,32.541511,7.4,nan,1.0
dw1248p3158,NGC4631,192.2187,31.9702,198.4,17.13,0.09,16.7,0.09,-12.21,-12.47,0.09,6.88,0.13,23.92,0.12,572.0,35.7,True,True,1.0,gr,DECALS,nan,7.4,15.9437120186974,25.1484218886031,190.533371,32.541511,7.4,nan,1.0
dw1247p3313,NGC4631,191.9083,33.2331,173.9,20.24,0.15,19.76,0.14,-9.11,-9.39,0.15,5.72,0.16,24.64,0.22,236.5,31.2,True,False,0.3,gr,DECALS,nan,7.4,6.59211171092293,26.3405974735926,190.533371,32.541511,7.4,nan,1.0
dw1231p4205,NGC4736,187.7873,42.0942,280.1,17.58,0.1,17.3,0.1,-10.53,-10.7,0.1,5.95,0.13,22.68,0.12,163.6,10.8,False,True,1.0,gr,DECALS,nan,4.2,8.03450530594239,24.1102703912064,192.72114082143,41.12025024573,4.2,nan,1.0
IC3687,NGC4736,190.5626,38.5034,227.3,13.29,0.09,13.0,0.09,-14.83,-15.0,0.09,7.66,0.13,21.97,0.11,1097.3,52.7,False,True,1.0,gr,DECALS,nan,4.2,53.889134939344,23.9529807422201,192.72114082143,41.12025024573,4.2,nan,1.0
dw1243p4127,NGC4736,190.9798,41.4575,99.1,16.33,0.09,15.97,0.09,-11.79,-12.0,0.09,6.59,0.13,23.4,0.11,537.5,29.9,False,True,1.0,gr,DECALS,nan,4.2,26.3969839887038,25.4432462267116,192.72114082143,41.12025024573,4.2,nan,1.0
dw1243p4339,NGC4736,190.9898,43.6618,208.7,16.96,0.09,16.58,0.09,-11.16,-11.38,0.09,6.36,0.13,23.23,0.12,292.9,17.5,False,True,1.0,gr,DECALS,nan,4.2,14.384514679008,24.7549507505159,192.72114082143,41.12025024573,4.2,nan,1.0
dw1249p4421,NGC4736,192.3797,44.3595,238.4,16.9,0.09,16.66,0.09,-11.21,-11.36,0.09,6.14,0.13,21.81,0.12,168.4,10.0,False,True,1.0,gr,DECALS,nan,4.2,8.27023651271366,23.4930643302826,192.72114082143,41.12025024573,4.2,nan,1.0
dw1251p4138,NGC4736,192.7698,41.6353,37.9,18.45,0.11,17.97,0.1,-9.67,-9.95,0.11,5.95,0.13,24.63,0.14,439.5,30.7,True,True,1.0,gr,DECALS,nan,4.2,21.584138574931,27.1261482847511,192.72114082143,41.12025024573,4.2,nan,1.0
dw1255p4035,NGC4736,193.7615,40.5902,69.6,18.79,0.11,18.09,0.1,-9.33,-9.73,0.11,6.19,0.14,26.22,0.15,519.8,43.9,True,True,1.0,gr,DECALS,nan,4.2,25.5277251761497,27.8305352603663,192.72114082143,41.12025024573,4.2,nan,1.0
dw1234p3952,NGC4736,188.5929,39.8785,247.7,18.46,0.1,17.88,0.1,-9.66,-10.0,0.11,6.13,0.13,24.05,0.14,208.5,16.4,True,False,0.15,gr,DECALS,nan,4.2,10.2395743017122,25.5168841903932,192.72114082143,41.12025024573,4.2,nan,1.0
dw1241p4103,NGC4736,190.254,41.053,136.5,18.86,0.11,18.34,0.11,-9.26,-9.56,0.11,5.87,0.14,22.63,0.15,148.8,12.9,True,False,0.0,gr,DECALS,nan,4.2,7.30766741826821,25.1843685507689,192.72114082143,41.12025024573,4.2,nan,1.0
dw1242p4115,NGC4736,190.5471,41.2525,120.4,18.25,0.1,17.68,0.1,-9.87,-10.2,0.1,6.18,0.13,24.81,0.13,258.9,19.4,True,False,0.6,gr,DECALS,nan,4.2,12.7147519689842,25.7770141450521,192.72114082143,41.12025024573,4.2,nan,1.0
dw1303p4222,NGC4736,195.8097,42.3733,192.4,17.88,0.1,17.51,0.1,-10.24,-10.45,0.1,5.97,0.13,22.93,0.13,246.7,17.1,False,False,0.05,gr,DECALS,nan,4.2,12.1156018196756,25.3021996405795,192.72114082143,41.12025024573,4.2,nan,1.0
dw1305p4206,NGC4736,196.499,42.1062,219.5,18.42,0.1,18.05,0.1,-9.7,-9.91,0.11,5.76,0.13,23.23,0.14,282.4,22.0,False,False,0.05,gr,DECALS,nan,4.2,13.8688526658093,26.1356773542546,192.72114082143,41.12025024573,4.2,nan,1.0
dw1308p4054,NGC4736,197.1913,40.901,248.0,17.94,0.1,17.34,0.1,-10.18,-10.53,0.1,6.35,0.13,23.91,0.13,327.2,23.0,True,False,0.4,gr,DECALS,nan,4.2,16.0690105875035,25.9754203662316,192.72114082143,41.12025024573,4.2,nan,1.0
dw1311p4051,NGC4736,197.9217,40.863,288.8,18.18,0.1,17.94,0.1,-9.94,-10.08,0.1,5.61,0.13,23.4,0.13,148.2,11.0,False,False,0.05,gr,DECALS,nan,4.2,7.27820101741261,24.4955949129435,192.72114082143,41.12025024573,4.2,nan,1.0
UGC7929,NGC4826,191.3366,21.4271,246.1,15.93,0.09,15.48,0.09,-12.69,-12.95,0.09,7.1,0.13,22.51,0.11,696.4,37.3,False,True,1.0,gr,DECALS,nan,5.3,27.1024170271349,25.1005147993434,194.182067,21.682658,5.3,nan,1.0
IC3840,NGC4826,192.9417,21.7349,106.7,15.87,0.09,15.67,0.09,-12.75,-12.87,0.09,6.68,0.13,22.63,0.11,480.8,25.6,False,True,1.0,gr,DECALS,nan,5.3,18.7117204851992,24.2360432886303,194.182067,21.682658,5.3,nan,1.0
dw1252p2215,NGC4826,193.0237,22.2654,113.1,19.86,0.13,19.33,0.13,-8.76,-9.07,0.14,5.68,0.15,25.61,0.19,233.7,27.1,True,True,1.0,gr,DECALS,nan,5.3,9.09511041296324,26.6595145601675,194.182067,21.682658,5.3,nan,1.0
dw1255p1912,NGC4826,193.921,19.2096,230.0,16.0,0.09,15.93,0.09,-12.62,-12.66,0.09,6.41,0.13,24.45,0.11,884.7,47.7,False,True,1.0,gr,DECALS,nan,5.3,34.430655168287,25.6902011158025,194.182067,21.682658,5.3,nan,1.0
dw1258p2329,NGC4826,194.7139,23.4899,173.3,19.14,0.12,18.68,0.11,-9.48,-9.75,0.12,5.83,0.14,24.77,0.16,564.0,50.9,True,True,1.0,gr,DECALS,nan,5.3,21.9496887328747,27.8526165113337,194.182067,21.682658,5.3,nan,1.0
dw1300p1843,NGC4826,195.1295,18.7177,286.6,17.89,0.1,17.27,0.1,-10.73,-11.1,0.1,6.62,0.13,26.04,0.13,704.4,49.4,True,True,1.0,gr,DECALS,nan,5.3,27.4137601254668,27.0853177233043,194.182067,21.682658,5.3,nan,1.0
IC4107,NGC4826,195.6741,21.9979,131.4,16.26,0.09,15.74,0.09,-12.36,-12.66,0.09,7.1,0.13,23.42,0.11,456.5,25.2,True,True,1.0,gr,DECALS,nan,5.3,17.7660158148963,24.5134249035954,194.182067,21.682658,5.3,nan,1.0
dw1245p2309,NGC4826,191.2591,23.1657,285.4,19.74,0.13,19.11,0.12,-8.89,-9.25,0.13,5.9,0.15,23.46,0.18,156.1,17.5,True,False,0.1,gr,DECALS,nan,5.3,6.07508231053991,25.6632355142979,194.182067,21.682658,5.3,nan,1.0
dw1251p2324,NGC4826,192.8683,23.4009,194.7,19.12,0.12,18.72,0.11,-9.5,-9.73,0.12,5.74,0.14,23.86,0.16,132.5,12.4,False,False,0.05,gr,DECALS,nan,5.3,5.15662015510311,24.6873003905254,194.182067,21.682658,5.3,nan,1.0
dw1310p4153,NGC5055,197.6743,41.8908,149.0,19.12,0.12,18.56,0.11,-10.62,-10.95,0.12,6.48,0.14,25.42,0.16,593.9,55.8,True,True,1.0,gr,DECALS,nan,8.87,13.81067285762,26.8265488715991,198.95530912247,42.02936891003,8.87,nan,1.0
dw1312p4158,NGC5055,198.0772,41.9755,101.3,19.62,0.13,19.08,0.12,-10.12,-10.43,0.13,6.22,0.15,26.25,0.18,545.4,58.6,True,True,1.0,gr,DECALS,nan,8.87,12.6828438765942,27.1415579137504,198.95530912247,42.02936891003,8.87,nan,1.0
dw1312p4032,NGC5055,198.2159,40.5432,245.7,14.46,0.09,14.13,0.09,-15.28,-15.47,0.09,7.92,0.12,20.06,0.11,484.6,23.9,False,True,1.0,gr,DECALS,nan,8.87,11.2689881632348,21.7248992953059,198.95530912247,42.02936891003,8.87,nan,1.0
UGCA337,NGC5055,198.244,41.7864,90.1,15.25,0.09,14.64,0.09,-14.49,-14.85,0.09,8.09,0.13,22.67,0.11,1132.7,57.9,True,True,1.0,gr,DECALS,nan,8.87,26.3400388687816,24.3585567392083,198.95530912247,42.02936891003,8.87,nan,1.0
dw1313p4202,NGC5055,198.4161,42.0431,62.0,17.99,0.1,17.45,0.1,-11.75,-12.06,0.1,6.87,0.13,24.7,0.13,622.3,43.9,True,True,1.0,gr,DECALS,nan,8.87,14.4710923018004,25.7979812498186,198.95530912247,42.02936891003,8.87,nan,1.0
UGC8313,NGC5055,198.4754,42.2092,61.7,14.12,0.09,13.67,0.09,-15.62,-15.88,0.09,8.28,0.13,20.77,0.11,1340.0,65.5,False,True,1.0,gr,DECALS,nan,8.87,31.1606356559684,23.5935062237636,198.95530912247,42.02936891003,8.87,nan,1.0
dw1315p4123,NGC5055,198.8158,41.3967,99.3,20.71,0.17,20.21,0.17,-9.02,-9.32,0.18,5.74,0.19,26.19,0.26,339.7,51.8,True,True,1.0,gr,DECALS,nan,8.87,7.89945373707803,27.2034599817475,198.95530912247,42.02936891003,8.87,nan,1.0
dw1315p4130,NGC5055,198.8742,41.5022,82.1,17.67,0.1,17.18,0.1,-12.07,-12.36,0.1,6.93,0.13,24.73,0.12,864.0,58.5,True,True,1.0,gr,DECALS,nan,8.87,20.0916338256884,26.1905509539857,198.95530912247,42.02936891003,8.87,nan,1.0
dw1321p4226,NGC5055,200.3708,42.4334,173.9,20.11,0.14,19.56,0.13,-9.63,-9.95,0.15,6.06,0.16,23.79,0.21,202.5,25.5,True,True,1.0,gr,DECALS,nan,8.87,4.70897669197074,25.4801073858352,198.95530912247,42.02936891003,8.87,nan,1.0
dw1305p4206-n2,NGC5055,196.499,42.1062,282.6,18.42,0.1,18.05,0.1,-11.32,-11.54,0.11,6.41,0.13,23.23,0.14,596.5,46.5,False,False,0.35,gr,DECALS,nan,8.87,13.8711337926626,26.1360344852173,198.95530912247,42.02936891003,8.87,nan,1.0
dw1308p4054-n2,NGC5055,197.1913,40.901,269.1,17.95,0.1,17.35,0.1,-11.79,-12.14,0.1,7.0,0.13,23.92,0.13,682.4,48.1,True,False,0.65,gr,DECALS,nan,8.87,15.8686700682435,25.9581773349722,198.95530912247,42.02936891003,8.87,nan,1.0
dw1311p4051-n2,NGC5055,197.9217,40.8631,216.8,18.17,0.1,17.94,0.1,-11.57,-11.7,0.1,6.27,0.13,23.39,0.13,312.6,23.1,False,False,0.35,gr,DECALS,nan,8.87,7.26926475830301,24.4829271159758,198.95530912247,42.02936891003,8.87,nan,1.0
dw1315p4304,NGC5055,198.7521,43.0849,165.1,18.97,0.11,18.1,0.1,-10.77,-11.28,0.12,7.08,0.14,26.73,0.15,1579.9,141.3,True,False,0.8,gr,DECALS,nan,8.87,36.7393194975815,28.8011302209552,198.95530912247,42.02936891003,8.87,nan,1.0
dw1323p4058,NGC5055,200.935,40.9728,281.9,20.45,0.16,20.12,0.16,-9.29,-9.49,0.16,5.52,0.17,24.56,0.23,189.2,26.8,True,False,0.25,gr,DECALS,nan,8.87,4.39969575378039,25.6725879084585,198.95530912247,42.02936891003,8.87,nan,1.0
KK189,CENA,198.1875,-41.8319,168.0,16.85,0.09,16.17,0.09,-10.97,-11.36,0.09,6.82,0.13,23.44,0.12,281.6,16.6,True,True,1.0,gr,DECAM,nan,3.66,15.8699916187344,24.8583581687111,201.365017,-43.019304,3.66,NGC5128,0.0
ESO269-066,CENA,198.2875,-44.89,185.4,13.81,0.09,13.15,0.09,-14.01,-14.39,0.09,8.0,0.13,22.55,0.11,749.0,36.3,True,True,1.0,gr,DECAM,nan,3.66,42.2110212356252,23.9426039788295,201.365017,-43.019304,3.66,NGC5128,0.0
NGC5011C,CENA,198.2958,-43.2656,144.0,13.66,0.09,13.13,0.09,-14.16,-14.49,0.09,7.83,0.13,21.12,0.1,450.7,21.7,True,True,1.0,gr,M15/17,nan,3.66,25.3998764223135,22.6896327000244,201.365017,-43.019304,3.66,NGC5128,0.0
KK196,CENA,200.4458,-45.0633,137.3,15.26,0.09,14.85,0.09,-12.56,-12.77,0.09,6.98,0.13,22.89,0.11,283.9,42.6,False,True,1.0,gr,M15/17,nan,3.66,15.9996115781707,23.2860218789197,201.365017,-43.019304,3.66,NGC5128,0.0
KK197,CENA,200.5042,-42.5356,50.8,14.89,0.09,14.01,0.09,-12.93,-13.44,0.09,7.96,0.13,23.73,0.11,932.6,46.9,True,True,1.0,gr,DECAM,nan,3.66,52.5580749024142,25.4986719292419,201.365017,-43.019304,3.66,NGC5128,0.0
KKS55,CENA,200.55,-42.7308,42.4,15.97,0.09,15.31,0.09,-11.84,-12.23,0.09,7.14,0.13,24.83,0.11,579.0,31.2,True,True,1.0,gr,DECAM,nan,3.66,32.6304157980322,25.5435877211682,201.365017,-43.019304,3.66,NGC5128,0.0
CENA-MM-DW4,CENA,200.7583,-41.7861,83.8,18.5,0.1,17.8,0.1,-9.32,-9.72,0.11,6.2,0.13,25.38,0.14,306.9,24.4,True,True,1.0,gr,DECAM,nan,3.66,17.295811171822,26.6951793577153,201.365017,-43.019304,3.66,NGC5128,0.0
dw1323-40b,CENA,201.0,-40.8367,140.6,18.52,0.11,17.92,0.1,-9.3,-9.65,0.11,6.01,0.13,25.54,0.14,432.2,34.5,True,True,1.0,gr,DECAM,nan,3.66,24.35728110536,27.4586187232882,201.365017,-43.019304,3.66,NGC5128,0.0
dw1323-40,CENA,201.2421,-40.7622,144.4,18.2,0.1,17.55,0.1,-9.62,-10.0,0.1,6.23,0.13,25.32,0.13,277.8,20.6,True,True,1.0,gr,DECAM,nan,3.66,15.6558369031165,26.1788561234836,201.365017,-43.019304,3.66,NGC5128,0.0
CENA-MM-DW6,CENA,201.4875,-41.0942,123.1,nan,18.52,0.11,nan,nan,-9.1,0.2,5.61,0.22,25.4,0.3,276.8,10.6,True,True,1.0,gr,CR19,nan,3.66,15.5994803990009,nan,201.365017,-43.019304,3.66,NGC5128,0.0
CENA-MM-DW7,CENA,201.6167,-43.5567,36.3,nan,17.72,0.1,nan,nan,-9.9,0.3,5.96,0.22,25.9,0.4,532.3,53.2,True,True,1.0,gr,CR19,nan,3.66,29.998567101422,nan,201.365017,-43.019304,3.66,NGC5128,0.0
ESO324-024,CENA,201.9042,-41.4806,101.6,nan,nan,nan,nan,nan,-15.5,nan,8.05,nan,nan,nan,nan,nan,False,True,1.0,nan,nan,nan,3.66,nan,nan,201.365017,-43.019304,3.66,NGC5128,0.0
KK203,CENA,201.8667,-45.3525,150.9,nan,nan,nan,nan,nan,-10.5,nan,6.25,nan,nan,nan,nan,nan,False,True,1.0,nan,nan,nan,3.66,nan,nan,201.365017,-43.019304,3.66,NGC5128,0.0
dw1329-45,CENA,202.3121,-45.1767,144.6,18.4,0.1,18.16,0.1,-9.42,-9.46,0.11,5.43,0.13,25.68,0.14,175.7,26.4,True,True,1.0,gr,M15/17,nan,3.66,9.90183782234307,25.384053726454,201.365017,-43.019304,3.66,NGC5128,0.0
CENA-MM-DW1,CENA,202.5583,-41.8933,91.3,15.93,0.09,15.16,0.09,-11.89,-12.34,0.09,7.36,0.13,25.42,0.11,845.9,45.3,True,True,1.0,gr,DECAM,nan,3.66,47.6719662562084,26.3267900067797,201.365017,-43.019304,3.66,NGC5128,0.0
CENA-MM-DW3,CENA,202.5875,-42.1925,78.1,nan,14.52,0.09,nan,nan,-13.1,0.09,7.34,0.22,26.0,0.4,2352.9,159.7,True,True,1.0,gr,CR19,nan,3.66,132.601201027597,nan,201.365017,-43.019304,3.66,NGC5128,0.0
CENA-MM-DW9,CENA,203.2542,-42.53,94.0,18.59,0.11,18.35,0.11,-9.23,-9.37,0.11,5.34,0.13,26.36,0.14,385.0,31.2,True,True,1.0,gr,DECAM,nan,3.66,21.6972541290243,27.2774985601788,201.365017,-43.019304,3.66,NGC5128,0.0
CENA-MM-DW8,CENA,203.3917,-41.6078,131.6,17.42,0.09,16.75,0.1,-10.4,-10.79,0.1,6.58,0.13,26.18,0.12,615.3,39.4,True,True,1.0,gr,DECAM,nan,3.66,34.6761568546975,27.1256294756286,201.365017,-43.019304,3.66,NGC5128,0.0
dw1336-44,CENA,204.2033,-43.8578,142.2,18.7,0.11,18.08,0.1,-9.12,-9.54,0.1,5.97,0.13,25.29,0.14,143.2,21.5,True,True,1.0,gr,M15/17,nan,3.66,8.07025143156071,25.2399100093967,201.365017,-43.019304,3.66,NGC5128,0.0
NGC5237,CENA,204.4127,-42.8469,143.0,nan,nan,nan,nan,nan,-15.3,nan,8.13,nan,nan,nan,nan,nan,False,True,1.0,nan,nan,nan,3.66,nan,nan,201.365017,-43.019304,3.66,NGC5128,0.0
KKS57,CENA,205.4083,-42.5819,191.7,16.89,0.09,16.98,0.1,-10.93,-10.64,0.09,5.44,0.13,24.38,0.12,212.9,13.6,True,True,1.0,gr,M15/17,nan,3.66,11.998299781551,24.291073225388,201.365017,-43.019304,3.66,NGC5128,0.0
dw1341-43,CENA,205.4025,-43.8554,194.9,17.17,0.09,16.82,0.1,-10.65,-10.8,0.09,6.1,0.13,25.78,0.12,358.4,22.3,True,True,1.0,gr,M15/17,nan,3.66,20.1981711264123,25.7020349186553,201.365017,-43.019304,3.66,NGC5128,0.0
dw1328p4703,NGC5194,202.103,47.0651,42.1,20.38,0.11,19.82,0.11,-9.28,-9.61,0.11,5.94,0.13,25.26,0.14,296.4,17.5,True,True,1.0,gr,CFHT,nan,8.58,7.12551148570156,26.6495549040467,202.469575,47.195258,8.58,nan,0.0
NGC5195,NGC5194,202.4983,47.2661,11.0,nan,nan,nan,nan,nan,-20.2,nan,10.4,nan,nan,nan,nan,nan,False,True,1.0,nan,nan,nan,8.58,nan,nan,202.469575,47.195258,8.58,nan,0.0
dw1330p4731,NGC5194,202.6411,47.5257,52.5,20.54,0.15,20.18,0.17,-9.13,-9.34,0.16,5.52,0.22,26.76,0.22,487.4,50.8,True,True,1.0,gr,CFHT,nan,8.58,11.717187232715,27.8895915302819,202.469575,47.195258,8.58,nan,0.0
dw1335-29,NGC5236,203.9417,-29.7067,25.8,18.68,0.11,18.24,0.11,-9.68,-9.94,0.11,5.88,0.13,26.33,0.14,566.3,47.0,True,True,1.0,gr,DECAM,nan,4.7,24.8527147260577,27.6623438555634,204.25383,-29.865761,4.7,nan,1.0
dw1340-30,NGC5236,205.0792,-30.3597,71.2,19.12,0.12,18.07,0.1,-9.24,-9.64,0.12,6.21,0.13,26.22,0.16,335.7,31.3,True,True,1.0,gi,DECAM,nan,4.7,14.7325734764681,26.9668677604864,204.25383,-29.865761,4.7,nan,1.0
KK200,NGC5236,201.15,-30.9717,237.8,15.62,0.09,15.25,0.09,-12.74,-12.95,0.09,6.98,0.13,22.5,0.11,371.7,19.5,False,True,1.0,gr,DECAM,nan,4.7,16.3124741111076,23.6880738588905,204.25383,-29.865761,4.7,nan,1.0
IC4247,NGC5236,201.6875,-30.3625,186.7,14.02,0.09,13.77,0.09,-14.34,-14.49,0.09,7.4,0.13,20.28,0.11,488.0,23.8,False,True,1.0,gr,DECAM,nan,4.7,21.4164308695462,22.6792101601493,204.25383,-29.865761,4.7,nan,1.0
ESO444-84,NGC5236,204.3333,-28.0442,149.6,14.71,0.09,14.5,0.09,-13.65,-13.77,0.09,7.05,0.13,22.72,0.11,542.4,27.0,False,True,1.0,gr,DECAM,nan,4.7,23.8038362578204,23.5987094525941,204.25383,-29.865761,4.7,nan,1.0
IC4316,NGC5236,205.075,-28.8947,98.9,13.68,0.09,13.27,0.09,-14.68,-14.92,0.09,7.83,0.13,20.57,0.11,907.8,43.9,False,True,1.0,gr,DECAM,nan,4.7,39.8398274005534,23.6870619229698,204.25383,-29.865761,4.7,nan,1.0
ESO444-78,NGC5236,204.1292,-29.2342,52.6,15.1,0.09,14.74,0.09,-13.26,-13.48,0.09,7.18,0.13,22.39,0.11,606.0,30.8,False,True,1.0,gr,DECAM,nan,4.7,26.5949940198023,24.2294741667372,204.25383,-29.865761,4.7,nan,1.0
KK208,NGC5236,204.15,-29.5708,25.3,15.15,0.09,14.6,0.09,-13.21,-13.53,0.09,7.5,0.13,26.21,0.11,4074.5,207.4,True,True,1.0,gr,DECAM,yes,4.7,178.813987769273,28.4174821246557,204.25383,-29.865761,4.7,nan,1.0
NGC5264,NGC5236,205.4042,-29.9131,81.9,12.26,0.08,11.81,0.09,-16.1,-16.36,0.09,8.46,0.13,20.75,0.11,1051.0,49.9,False,True,1.0,gr,DECAM,nan,4.7,46.1243207983609,22.5851246018857,204.25383,-29.865761,4.7,nan,1.0
KK218,NGC5236,206.6667,-29.9781,171.8,17.87,0.1,17.12,0.1,-10.49,-10.93,0.1,6.76,0.13,24.49,0.13,328.1,22.8,True,True,1.0,gr,DECAM,nan,4.7,14.3990388978169,25.6671422063419,204.25383,-29.865761,4.7,nan,1.0
HIJ1337-33,NGC5236,204.2542,-33.3631,287.2,17.39,0.09,17.31,0.1,-10.97,-11.02,0.1,5.76,0.13,21.84,0.12,119.4,7.6,False,True,1.0,gr,DECAM,nan,4.7,5.24000380012876,22.9921326914387,204.25383,-29.865761,4.7,nan,1.0
dw1350p5441,NGC5457,207.7431,54.6892,205.1,17.2,0.09,16.77,0.1,-11.87,-12.12,0.1,6.75,0.13,25.48,0.12,719.3,44.5,True,True,1.0,gr,DECALS,nan,6.5,22.825580696601,25.9975838570434,210.802429,54.34875,6.5,nan,1.0
UGC8837,NGC5457,208.6892,53.9043,149.3,13.26,0.08,12.86,0.09,-15.8,-16.04,0.09,8.27,0.12,22.16,0.11,2467.0,118.4,False,True,1.0,gr,DECALS,nan,6.5,78.2854234735614,24.7338792075856,210.802429,54.34875,6.5,nan,1.0
UGC8882,NGC5457,209.3112,54.1008,102.8,14.96,0.09,14.22,0.09,-14.1,-14.39,0.09,7.75,0.12,22.09,0.11,531.5,26.8,True,True,1.0,gi,CFHT,nan,6.5,16.8661145039994,23.1005499038603,210.802429,54.34875,6.5,nan,1.0
dw1403p5337,NGC5457,210.7728,53.6147,83.3,18.15,0.1,17.74,0.1,-10.91,-11.07,0.1,6.05,0.12,26.16,0.13,855.3,62.9,True,True,1.0,gi,CFHT,nan,6.5,27.1412750407604,27.3236259120163,210.802429,54.34875,6.5,nan,1.0
dw1403p5356,NGC5457,210.9373,53.9437,46.8,18.92,0.11,18.11,0.1,-10.15,-10.45,0.11,6.26,0.12,24.95,0.15,430.5,38.0,True,True,1.0,gi,CFHT,nan,6.5,13.6610767630059,26.6028993401767,210.802429,54.34875,6.5,nan,1.0
NGC5474,NGC5457,211.2561,53.6617,83.6,11.18,0.08,10.69,0.09,-17.88,-18.17,0.09,9.26,0.13,18.67,0.11,2930.2,138.1,False,True,1.0,gr,DECALS,nan,6.5,92.984168357424,23.027519737392,210.802429,54.34875,6.5,nan,1.0
NGC5477,NGC5457,211.3863,54.4608,40.6,13.86,0.09,13.57,0.09,-15.21,-15.37,0.09,7.82,0.13,21.7,0.11,868.4,42.2,False,True,1.0,gr,DECALS,nan,6.5,27.5569779506576,23.0666326253958,210.802429,54.34875,6.5,nan,1.0
dw1406p5344,NGC5457,211.708,53.7413,91.6,19.36,0.12,18.58,0.11,-9.71,-10.0,0.12,6.05,0.13,25.12,0.17,282.2,28.1,True,True,1.0,gi,CFHT,nan,6.5,8.95506589020902,26.1258186101307,210.802429,54.34875,6.5,nan,1.0
dw1408p5419,NGC5457,212.1561,54.3254,89.6,19.37,0.12,18.93,0.12,-9.69,-9.86,0.12,5.6,0.13,25.54,0.17,317.2,31.8,True,True,1.0,gi,CFHT,nan,6.5,10.065722536868,26.3896994559074,210.802429,54.34875,6.5,nan,1.0
dw1905m6316,NGC6744,286.4831,-63.2721,113.2,18.32,0.1,17.58,0.1,-11.44,-11.72,0.11,6.7,0.12,24.12,0.14,411.4,31.2,True,True,1.0,gi,DECAM,nan,8.95,9.48126717656871,25.2098066063022,287.442223,-63.857471,8.95,nan,1.0
dw1906m6357,NGC6744,286.7415,-63.9636,50.9,16.43,0.09,15.68,0.09,-13.33,-13.61,0.09,7.46,0.12,23.13,0.11,755.1,42.2,True,True,1.0,gi,DECAM,nan,8.95,17.4022966287859,24.638507517226,287.442223,-63.857471,8.95,nan,1.0
dw1907m6342,NGC6744,286.8439,-63.7064,47.6,17.88,0.1,17.26,0.1,-11.88,-12.12,0.1,6.71,0.12,22.89,0.13,346.7,24.1,True,True,1.0,gi,DECAM,nan,8.95,7.99016852403333,24.3982543782339,287.442223,-63.857471,8.95,nan,1.0
dw1908m6343,NGC6744,287.183,-63.7301,26.7,14.55,0.09,14.21,0.09,-15.21,-15.34,0.09,7.68,0.12,22.48,0.11,1726.2,85.5,False,True,1.0,gi,DECAM,nan,8.95,39.7826038132663,24.5539407054821,287.442223,-63.857471,8.95,nan,1.0
dw1911m6413,NGC6744,287.8437,-64.2226,63.3,14.41,0.09,13.94,0.09,-15.35,-15.53,0.09,7.9,0.12,23.34,0.11,1556.4,76.7,False,True,1.0,gi,DECAM,nan,8.95,35.8693342130597,24.1890912598074,287.442223,-63.857471,8.95,nan,1.0
dw1859m6402,NGC6744,284.8605,-64.0396,179.4,19.67,0.13,19.01,0.12,-10.09,-10.34,0.13,6.05,0.13,24.67,0.18,285.4,31.3,True,False,0.45,gi,DECAM,nan,8.95,6.57742745061093,25.7657550141952,287.442223,-63.857471,8.95,nan,1.0
dw1901m6315,NGC6744,285.3732,-63.2594,171.6,17.96,0.1,17.46,0.1,-11.8,-11.99,0.1,6.53,0.12,25.37,0.13,778.2,55.0,True,False,0.95,gi,DECAM,nan,8.95,17.9346672421205,26.2339412979044,287.442223,-63.857471,8.95,nan,1.0
dw1903m6449,NGC6744,285.843,-64.8277,186.2,19.44,0.12,18.7,0.11,-10.32,-10.6,0.13,6.24,0.13,24.04,0.17,308.9,31.6,True,False,0.45,gi,DECAM,nan,8.95,7.11901660608141,25.7075747116831,287.442223,-63.857471,8.95,nan,1.0
dw1903m6405,NGC6744,285.9146,-64.0985,111.2,20.39,0.15,19.86,0.15,-9.37,-9.57,0.16,5.59,0.15,25.29,0.23,240.1,33.4,True,False,0.65,gi,DECAM,nan,8.95,5.53342792939077,26.1104459708023,287.442223,-63.857471,8.95,nan,1.0
dw1909m6341,NGC6744,287.2847,-63.6853,29.0,17.9,0.1,17.43,0.1,-11.86,-12.04,0.1,6.52,0.12,23.64,0.13,358.7,25.0,True,False,0.5,gi,DECAM,nan,8.95,8.26672468840438,24.4921420532552,287.442223,-63.857471,8.95,nan,1.0
dw1912m6432,NGC6744,288.0953,-64.5419,115.8,19.68,0.13,19.06,0.12,-10.08,-10.32,0.13,5.99,0.13,24.34,0.18,255.0,28.0,True,False,0.4,gi,DECAM,nan,8.95,5.87681850042203,25.5311860726203,287.442223,-63.857471,8.95,nan,1.0
