,ID,ra,dec,re
0,033311-353956,53.2955416666667,-35.6656027777778,8.95
1,033331-352654,53.380875,-35.4483333333333,2.427
2,033342-351001,53.4265,-35.1670666666667,1.767
3,033347-350407,53.4465,-35.0685472222222,1.97
4,033356-350949,53.4847083333333,-35.1636472222222,1.531
5,033400-354533,53.4989583333333,-35.7592388888889,5.707
6,033412-354401,53.5503333333333,-35.7336583333333,1.996
7,033415-353341,53.5644583333333,-35.5612583333333,2.506
8,033422-353349,53.5906666666667,-35.5637027777778,1.176
9,033446-354239,53.6920416666667,-35.7108027777778,6.528
10,033452-355903,53.7179583333333,-35.98415,0.973
11,033456-352741,53.7327916666667,-35.4615055555556,2.217
12,033515-353012,53.8142083333333,-35.50345,5.184
13,033526-361108,53.8572916666667,-36.1854388888889,0
14,033538-350539,53.908875,-35.0942388888889,2.067
15,033543-355051,53.9294166666667,-35.8475861111111,5.499
16,033550-354229,53.9565,-35.7080222222222,1.089
17,033552-345517,53.9662083333333,-34.9214388888889,1.633
18,033556-351740,53.983,-35.2944583333333,0
19,033605-362009,54.0189166666667,-36.3359,7.161
20,033609-353903,54.0392916666667,-35.6509194444444,1.92
21,033612-350333,54.048375,-35.0592472222222,1.644
22,033624-355242,54.0995833333333,-35.8784361111111,1.915
23,033625-344447,54.1045,-34.74635,1.836
24,033627-353821,54.111,-35.6391638888889,2.343
25,033631-362248,54.1301666666667,-36.3800222222222,1.462
26,033633-360804,54.135625,-36.1343638888889,1.667
27,033644-360343,54.1824583333333,-36.0620222222222,1.846
28,033650-345655,54.2081666666667,-34.9485027777778,2.078
29,033652-360840,54.2178333333333,-36.1445083333333,1.804
30,033654-355541,54.2252916666667,-35.9280222222222,1.723
31,033706-352031,54.275,-35.342,0
32,033716-354701,54.3156666666667,-35.7836583333333,3.074
33,033720-353118,54.3328333333333,-35.5216,2.596
34,033750-353302,54.4577916666667,-35.5504388888889,3.232
35,033807-353531,54.5279166666667,-35.592,2.998
36,033808-360420,54.5313333333333,-36.0720916666667,4.108
37,033815-350722,54.5620416666667,-35.1228472222222,4.368
38,033823-354537,54.5955,-35.7603138888889,1.736
39,033825-360418,54.6039583333333,-36.0715972222222,1.412
40,033826-360545,54.6067083333333,-36.0957,1.233
41,033827-350907,54.6134583333333,-35.1520722222222,6.778
42,033842-352329,54.6737083333333,-35.3915,0
43,033858-351105,54.7399166666667,-35.1846583333333,7.764
44,033916-350021,54.816625,-35.0058777777778,2.722
45,033917-354645,54.8220833333333,-35.7792833333333,1.623
46,033922-353524,54.843625,-35.5900222222222,2.762
47,033946-361130,54.9422916666667,-36.1916583333333,1.362
48,033948-361111,54.95075,-36.1864944444444,5.797
49,033948-344624,54.950875,-34.7734388888889,1.51
50,034002-352930,55.00725,-35.4916277777778,1.37
51,034003-352920,55.0130416666667,-35.4889444444444,1.307
52,034003-362143,55.0130833333333,-36.361875,1.168
53,034007-343554,55.0287916666667,-34.5983611111111,1.654
54,034015-361608,55.0605,-36.2690222222222,1.623
55,034019-343233,55.0783333333333,-34.5424527777778,2.527
56,034044-353222,55.1816666666667,-35.539525,2.956
57,034058-361959,55.24225,-36.3329166666667,2.272
58,034106-353623,55.2760833333333,-35.6063638888889,2.733
59,034117-353854,55.3220833333333,-35.6482916666667,1.681
60,034123-350020,55.344,-35.0055833333333,3.785
61,034124-354548,55.3483333333333,-35.7633666666667,4.184
62,034146-353055,55.4437083333333,-35.5153611111111,6.835
63,034153-345251,55.4722083333333,-34.8809472222222,3.096
64,034157-355322,55.485625,-35.8894388888889,2.435
65,034218-352819,55.57425,-35.471925,3.293
66,034239-354551,55.6610833333333,-35.7641472222222,2.646
67,034253-353317,55.7202916666667,-35.5546,0
68,034300-353809,55.751875,-35.6357916666667,6.354
69,145,50.7771519444444,-38.5396875,6.78967884063374
70,588,52.3004694444444,-37.6807408333333,6.78967884063374
71,132,50.7361466666667,-37.2053530555556,6.78967884063374
72,91,50.419375,-37.2083330555556,6.78967884063374
73,137,50.7642402777778,-36.0951697222222,6.78967884063374
74,2229,57.7719613888889,-37.8110986111111,6.78967884063374
75,1506,55.3518563888889,-37.7701888888889,6.78967884063374
76,1120,54.2306208333333,-37.8251897222222,6.78967884063374
77,1783,56.2144247222222,-38.5625480555556,6.78967884063374
78,1778,56.2105375,-38.0130811111111,6.78967884063374
79,2010,56.9809388888889,-36.4686827777778,6.78967884063374
80,2305,58.1114044444444,-37.2205427777778,6.78967884063374
81,2114,57.3171536111111,-35.9719916666667,6.78967884063374
82,2067,57.1694825,-35.9111108333333,6.78967884063374
83,1969,56.8342780555556,-35.7791897222222,6.78967884063374
84,729,52.8834238888889,-38.0627133333333,6.78967884063374
85,1165,54.3842136111111,-34.7127047222222,6.78967884063374
86,452,51.8214436111111,-36.2416713888889,6.78967884063374
87,234,51.0409938888889,-35.6825958333333,6.78967884063374
88,513,52.0329241666667,-35.0441330555556,6.78967884063374
89,1002,53.8259263888889,-33.2182738888889,6.78967884063374
90,2238,57.8215375,-33.9437558333333,6.78967884063374
91,1319,54.8031144444444,-34.1176877777778,6.78967884063374
92,1484,55.3287772222222,-32.6655958333333,6.78967884063374
93,1351,54.9132066666667,-32.8253330555556,6.78967884063374
94,1593,55.6290491666667,-32.6706847222222,6.78967884063374
95,1123,54.2769638888889,-32.8080958333333,6.78967884063374
96,1175,54.4337772222222,-32.4309322222222,6.78967884063374
97,1455,55.2368283333333,-32.1499463888889,6.78967884063374
98,1425,55.1415430555555,-31.855675,6.78967884063374
99,1295,54.7265363888889,-31.9126397222222,6.78967884063374
100,1397,55.0439466666667,-31.8283422222222,6.78967884063374
101,1712,56.0223708333333,-31.9592,6.78967884063374
102,271,51.2088277777778,-34.6021077777778,6.78967884063374
103,325,51.4247705555556,-33.97653,6.78967884063374
104,171,50.8953244444444,-33.6173052777778,6.78967884063374
105,730,52.9189075,-32.8402963888889,6.78967884063374
106,726,52.9009963888889,-32.845505,6.78967884063374
107,717,52.8705630555556,-32.4778836111111,6.78967884063374
108,557,52.2229994444444,-32.4076130555556,6.78967884063374
109,419,51.7231538888889,-32.4793161111111,6.78967884063374
110,406,51.6937641666667,-32.0628116666667,6.78967884063374
111,15,48.8059552777778,-33.5373419444444,6.78967884063374
112,724,52.8973322222222,-32.1424283333333,6.78967884063374
113,663,52.6676361111111,-31.9326508333333,6.78967884063374
114,2,47.9010366666667,-32.4373894444444,6.78967884063374
115,1,47.8627747222222,-33.41726,6.78967884063374
116,2,48.9265119444444,-33.5411155555556,6.78967884063374
117,6,49.4721872222222,-35.6514697222222,6.78967884063374
118,7,49.6931116666667,-35.5456175,6.78967884063374
119,8,49.72597,-33.3257188888889,6.78967884063374
120,11,50.1059419444444,-34.5704725,6.78967884063374
121,15,50.4155297222222,-33.4532830555556,6.78967884063374
122,16,50.4309677777778,-35.9250305555556,6.78967884063374
123,17,50.5679566666667,-33.7171888888889,6.78967884063374
124,27,50.9823275,-34.8073661111111,6.8
125,30,51.0070655555556,-37.2244277777778,12.5
126,31,51.0737377777778,-35.2616041666667,8.5
127,32,51.2182758333333,-35.4340958333333,8.2
128,34,51.2593861111111,-35.2234158333333,8.5
129,36,51.3004633333333,-32.9013272222222,6.7
130,41,51.3991233333333,-32.9592011111111,9
131,42,51.4423641666667,-35.5082783333333,13.1
132,43,51.5096763888889,-32.8935086111111,21
133,64,51.9991869444444,-38.5393186111111,6.78967884063374
134,74,52.4241783333333,-31.9622697222222,4.2
135,80,52.5328880555555,-32.4738036111111,10.6
136,91,52.8291952777778,-32.0521641666667,12.5
137,122,53.4264919444444,-32.4233733333333,9.6
138,132,53.5757358333333,-35.7931561111111,5
139,141,53.7380402777778,-35.2051727777778,2.1
140,162,54.0302725,-35.4321533333333,6.78967884063374
141,169,54.1296188888889,-34.8008702777778,6.78967884063374
142,218,54.6886891666667,-35.2644688888889,7.6
143,224,54.8860977777778,-31.790215,14.2
144,232,55.0304236111111,-32.3177377777778,9
145,235,55.0383425,-35.6230819444444,36.3
146,240,55.1142041666667,-31.6838980555556,11.9
147,283,55.6636408333333,-38.2286633333333,6.78967884063374
148,317,56.7872811111111,-32.7725763888889,8.9
149,319,56.8174286111111,-32.3007491666667,14.8
150,320,56.8934041666667,-32.2532794444444,6.6
151,321,56.8914252777778,-35.9527572222222,12.2
152,336,57.7184516666667,-35.1705691666667,7.8
153,339,58.0123152777778,-37.8734763888889,10.4
154,340,58.3227988888889,-37.8325336111111,5.7
155,FDS10_LSB11,54.827,-34.937,1.4
156,FDS10_LSB12,54.696,-34.987,2.8
157,FDS10_LSB20,55.275,-34.145,2.4
158,FDS10_LSB30,54.943,-34.135,2.5
159,FDS10_LSB33,54.78,-34.061,2.6
160,FDS10_LSB34,54.723,-34.171,1.9
161,FDS10_LSB36,54.824,-34.306,2.2
162,FDS10_LSB37,54.761,-34.577,2.6
163,FDS10_LSB39,54.619,-34.69,1.9
164,FDS10_LSB54,54.118,-34.755,3.5
165,FDS11_LSB1 ,55.246,-35.697,116.4
166,FDS11_LSB2 ,55.148,-35.774,63.9
167,FDS11_LSB6 ,54.711,-35.725,5.2
168,FDS11_LSB7 ,54.035,-36,6.2
169,FDS11_LSB14,55.154,-35.356,10.7
170,FDS11_LSB15,55.22,-35.118,6.7
171,FDS11_LSB17,54.51,-35.281,75.7
172,FDS11_LSB39,55.305,-35.335,3.9
173,FDS11_LSB43,54.926,-35.469,4.3
174,FDS11_LSB44,54.463,-35.364,4.6
175,FDS11_LSB50,54.099,-35.523,2
176,FDS11_LSB51,54.17,-35.589,8.7
177,FDS11_LSB70,54.229,-35.944,2
178,FDS12_LSB28,54.605,-36.89,4.2
179,FDS12_LSB31,54.638,-36.441,4.3
180,FDS12_LSB44,54.011,-36.354,2.2
181,FDS12_LSB47,54.072,-36.082,4
182,FDS12_LSB52,55.192,-36.075,5.4
183,FDS12_LSB55,54.191,-35.924,3
184,FDS16_LSB6 ,54.055,-35.224,3.6
185,FDS16_LSB24,53.713,-35.872,3.8
186,FDS16_LSB40,53.613,-35.106,4.9
187,FDS16_LSB52,53.458,-35.951,6.4
188,032607-350744,51.5309583333333,-35.1288611111111,8.693
189,032611-345432,51.5474166666667,-34.90875,2.865
190,032629-350414,51.6225416666667,-35.0706666666667,3.615
191,032638-364843,51.6594166666667,-36.8119166666667,3.053
192,032651-343914,51.7109166666667,-34.6538888888889,3.297
193,032721-342323,51.8367083333333,-34.3896111111111,2.508
194,032727-364354,51.8609583333333,-36.7316111111111,2.298
195,032743-354337,51.9275,-35.7268055555556,4.711
196,032748-345229,51.948,-34.8746666666667,4.337
197,032753-345036,51.9698333333333,-34.8434166666667,2.292
198,032801-364954,52.0059583333333,-36.8316944444444,4.132
199,032824-353616,52.1007916666667,-35.6043611111111,5.664
200,032841-352939,52.1707916666667,-35.4942777777778,4.774
201,032843-351517,52.180375,-35.2548055555556,4.416
202,032847-363709,52.197125,-36.6191944444444,7.035
203,032858-370551,52.2400416666667,-37.0974166666667,2.63
204,032921-370859,52.3366666666667,-37.1496666666667,1.829
205,032922-342924,52.34125,-34.49,8.386
206,032932-365104,52.3844583333333,-36.8509722222222,4.075
207,032945-360323,52.4370416666667,-36.0563888888889,9.485
208,032959-350215,52.496375,-35.0375,8.556
209,033028-340627,52.618125,-34.1075,3.762
210,033034-350630,52.6428333333333,-35.1084166666667,4.46
211,033053-353218,52.7209583333333,-35.5382222222222,6.032
212,033057-354222,52.7378333333333,-35.7060833333333,3.575
213,033105-340842,52.772,-34.1448611111111,6.224
214,033125-351952,52.853625,-35.3311666666667,10.811
215,033146-361644,52.9407916666667,-36.2789444444444,3.26
216,033228-350645,53.1177916666667,-35.1125,3.269
217,033239-373918,53.1612083333333,-37.6550555555556,5.117
218,033329-350736,53.3692916666667,-35.1265833333333,6.236
219,033331-351621,53.379,-35.2725833333333,2.422
220,033344-332242,53.4352083333333,-33.3783055555556,3.625
221,033354-342559,53.474875,-34.4329444444444,3.151
222,033358-363548,53.4925416666667,-36.5966666666667,3.719
223,033431-325308,53.6279166666667,-32.8856666666667,6.014
224,033433-325003,53.6377916666667,-32.8341388888889,10.244
225,033438-364801,53.65925,-36.8001944444444,2.073
226,033513-343235,53.801875,-34.543,6.644
227,033514-362321,53.8077916666667,-36.3891944444444,3.846
228,033538-341717,53.9075,-34.2879722222222,13.49
229,033606-333333,54.0237083333333,-33.5591388888889,5.134
230,033608-372618,54.0342083333333,-37.4384166666667,3.786
231,033610-340453,54.0434166666667,-34.0814722222222,3.716
232,033612-325233,54.0495416666667,-32.8759444444444,6.002
233,033623-342043,54.0955,-34.3453611111111,13.25
234,033633-374046,54.135625,-37.6793333333333,4.734
235,033658-380754,54.2433333333333,-38.1316388888889,10.575
236,033730-341329,54.3744166666667,-34.2245833333333,3.313
237,033731-364640,54.3795833333333,-36.7778888888889,2.282
238,033807-380534,54.5309166666667,-38.0926388888889,11.463
239,033814-330738,54.5564583333333,-33.1273333333333,18.46
240,033827-364424,54.6140416666667,-36.74,9.889
241,033907-342246,54.7786666666667,-34.3794722222222,3.661
242,033915-342325,54.8103333333333,-34.3903611111111,2.465
243,033915-341113,54.813375,-34.1869166666667,3.412
244,033921-340503,54.8369583333333,-34.0840833333333,2.414
245,033921-380411,54.8379583333333,-38.0696111111111,4.016
246,033955-364402,54.9790833333333,-36.7338611111111,4.212
247,034005-374545,55.0194583333333,-37.7624444444445,5.523
248,034036-364759,55.1486666666667,-36.7998055555556,3.945
249,034058-375321,55.2414166666667,-37.8891388888889,5.88
250,034107-370125,55.2774166666667,-37.0236944444444,6.329
251,034113-375821,55.302625,-37.9723888888889,2.365
252,034118-344444,55.323875,-34.7455277777778,5.786
253,034136-372237,55.40125,-37.3768333333333,1.955
254,034146-372859,55.4412083333333,-37.4831111111111,4.838
255,034158-362823,55.4913333333333,-36.4731111111111,2.635
256,034160-370018,55.4979583333333,-37.0049166666667,13.481
257,034160-373802,55.4990833333333,-37.634,6.154
258,034213-343223,55.554875,-34.5398055555556,2.726
259,034219-370424,55.5791666666667,-37.0732777777778,7.857
260,034236-341427,55.6494583333333,-34.2408888888889,3.639
261,034239-343953,55.66275,-34.6646666666667,6.494
262,034242-370401,55.6753333333333,-37.0668055555556,2.785
263,034302-351503,55.7562916666667,-35.2508611111111,5.975
264,034320-371344,55.8329166666667,-37.229,3.879
265,034325-370632,55.852125,-37.1088611111111,6.995
266,034339-352513,55.9109166666667,-35.4203888888889,4.216
267,034405-374533,56.0189166666667,-37.7590277777778,2.823
268,034427-353956,56.113125,-35.6655833333333,13.832
269,034504-333732,56.2665833333333,-33.6256388888889,3.043
270,034517-365827,56.3212083333333,-36.9741388888889,8.067
271,034522-353619,56.3411666666667,-35.6032777777778,2.3
272,034534-370459,56.3902916666667,-37.0829722222222,18.708
273,034541-345002,56.4205833333333,-34.8338611111111,2.671
274,034550-355825,56.4587916666667,-35.9736944444445,8.18
275,034552-335031,56.4672083333333,-33.8418333333333,2.959
276,034557-353626,56.486625,-35.6071111111111,6.657
277,034608-364921,56.53325,-36.8225555555556,16.083
278,034615-344531,56.5625,-34.7586944444444,4.126
279,034618-364713,56.575625,-36.7870277777778,3.655
280,034618-334550,56.5758333333333,-33.7635,16.769
281,034634-352022,56.6406666666667,-35.3393888888889,2.367
282,034637-364149,56.6554583333333,-36.6970555555556,3
283,034647-350016,56.6963333333333,-35.0045555555556,3.634
284,034658-350352,56.7397916666667,-35.0643333333333,3.873
285,034701-362615,56.755625,-36.4375833333333,15.045
286,034708-361937,56.7839166666667,-36.3270555555556,16.035
287,034724-355319,56.8512916666667,-35.8885833333333,2.435
288,034737-362149,56.905875,-36.3637222222222,9.306
289,034744-350259,56.935,-35.0498055555556,4.627
290,034746-360923,56.9419583333333,-36.1563888888889,2.77
291,034753-362818,56.9695,-36.4716944444444,22.81
292,034803-364127,57.0125416666667,-36.6909444444444,6.707
293,034804-364446,57.01775,-36.7460833333333,8.815
294,034819-354617,57.0779166666667,-35.7714444444444,4.223
295,034821-362047,57.0852916666667,-36.3463611111111,4.647
296,034822-360622,57.0905,-36.1061666666667,11.698
297,034853-335708,57.2224583333333,-33.9523333333333,2.328
298,034855-355710,57.231,-35.9528611111111,5.998
299,034906-343156,57.2750833333333,-34.5322222222222,2.537
300,034917-365307,57.3225416666667,-36.8852222222222,6.27
301,035009-362439,57.5386666666667,-36.4108888888889,8.374
302,035022-353945,57.59025,-35.6625277777778,5.26
303,035101-364102,57.7553333333333,-36.68375,11.474
304,FDSLSB1  ,55.6888,-35.472,2
305,FDSLSB2  ,55.36,-35.3797,2.7
306,FDSLSB3  ,56.0367,-35.1445,2
307,FDSLSB4  ,55.5467,-35.4432,11.2
308,FDSLSB5  ,55.6311,-35.0248,3.3
309,FDSLSB6  ,55.3456,-35.8966,5.5
310,FDSLSB7  ,55.697,-35.3898,3.1
311,FDSLSB8  ,56.2119,-35.7884,5.4
312,FDSLSB9  ,56.3158,-35.2712,2.4
313,FDSLSB10 ,55.7587,-35.3283,7.3
314,FDSLSB11 ,55.8614,-35.4978,1.8
315,FDSLSB12 ,55.2824,-35.4126,2.3
316,FDSLSB13 ,55.3112,-35.451,4.1
317,FDSLSB14 ,56.1882,-35.2697,7.6
318,FDSLSB15 ,55.9851,-35.8301,3.7
319,FDSLSB16 ,56.2082,-35.5355,2.5
320,FDSLSB17 ,56.1431,-35.1818,11.9
321,FDSLSB18 ,55.8573,-35.2292,5.4
322,FDSLSB19 ,49.9763,-36.4139,2.2
323,FDSLSB20 ,49.8691,-36.8686,2
324,FDSLSB21 ,50.2844,-36.2315,6.7
325,FDSLSB22 ,55.447,-36.225,11.4
326,FDSLSB23 ,55.9284,-36.6955,3
327,FDSLSB24 ,56.4098,-36.8765,4.5
328,FDSLSB25 ,55.8587,-36.5741,2.5
329,FDSLSB26 ,55.2997,-36.0694,3.3
330,FDSLSB27 ,55.5631,-36.1292,2.1
331,FDSLSB28 ,55.6177,-36.3764,2.5
332,FDSLSB29 ,55.7543,-36.7478,5.2
333,FDSLSB30 ,55.784,-36.9201,1.9
334,FDSLSB31 ,55.7149,-36.9225,4.3
335,FDSLSB32 ,55.9664,-36.8245,2.8
336,FDSLSB33 ,55.5304,-36.2307,3.9
337,FDSLSB34 ,55.5893,-36.37,1.9
338,FDSLSB35 ,53.7528,-35.4221,2
339,FDSLSB36 ,53.681,-35.5211,3.9
340,FDSLSB37 ,53.2988,-35.0358,18.4
341,FDSLSB38 ,53.5977,-35.845,12.2
342,FDSLSB39 ,53.7429,-35.2584,2.4
343,FDSLSB40 ,53.6185,-35.8104,2.2
344,FDSLSB41 ,52.992,-35.6223,15.6
345,FDSLSB42 ,53.5288,-35.38,6.1
346,FDSLSB43 ,53.9473,-35.3619,3.9
347,FDSLSB44 ,53.672,-35.5069,2
348,FDSLSB45 ,54.0074,-35.3107,3
349,FDSLSB46 ,54.0009,-35.9357,5
350,FDSLSB47 ,53.0229,-35.8266,6.3
351,FDSLSB48 ,53.4312,-35.7332,3.3
352,FDSLSB49 ,53.3099,-35.0282,7.1
353,FDSLSB50 ,53.0341,-35.0201,2.2
354,FDSLSB51 ,53.6354,-35.0436,6.4
355,FDSLSB52 ,53.2295,-35.1676,2.5
356,FDSLSB53 ,53.5389,-35.5169,27.7
357,FDSLSB54 ,53.566,-35.6524,2.5
358,FDSLSB55 ,53.7357,-35.6876,3.8
359,FDSLSB56 ,53.8768,-35.2518,9.3
360,FDSLSB57 ,53.3168,-35.5975,2
361,FDSLSB58 ,53.5294,-35.4772,6.7
362,FDSLSB59 ,52.8304,-35.1651,9.1
363,FDSLSB60 ,49.7165,-37.6186,8.2
364,FDSLSB61 ,49.4516,-37.7279,2.1
365,FDSLSB62 ,49.9106,-37.5116,3.8
366,FDSLSB63 ,49.8864,-37.9017,2.8
367,FDSLSB64 ,49.1818,-37.7864,2.2
368,FDSLSB65 ,55.5373,-33.6824,2
369,FDSLSB66 ,55.2884,-33.2877,5.5
370,FDSLSB67 ,55.6536,-33.2762,2.3
371,FDSLSB68 ,56.2275,-33.8784,3.3
372,FDSLSB69 ,57.0479,-35.1963,2.6
373,FDSLSB70 ,50.5979,-35.9923,3
374,FDSLSB71 ,51.5055,-36.7063,3.5
375,FDSLSB72 ,50.8568,-36.4333,3.1
376,FDSLSB73 ,51.0545,-36.9495,2.3
377,FDSLSB74 ,50.7396,-36.8201,15.6
378,FDSLSB75 ,51.5151,-36.9045,2.3
379,FDSLSB76 ,50.3274,-36.3647,1.9
380,FDSLSB77 ,50.8317,-36.3323,2.1
381,FDSLSB78 ,51.4506,-36.7888,4
382,FDSLSB79 ,50.7483,-36.7659,2.4
383,FDSLSB80 ,50.5114,-36.2942,2.3
384,FDSLSB81 ,51.3378,-36.6807,2.3
385,FDSLSB82 ,51.8952,-33.2916,10.6
386,FDSLSB83 ,51.7036,-33.6964,2.5
387,FDSLSB84 ,52.427,-33.1533,2.6
388,FDSLSB85 ,54.4904,-37.1183,12.9
389,FDSLSB86 ,54.6608,-37.3551,2.3
390,FDSLSB87 ,52.4294,-37.0699,2.6
391,FDSLSB88 ,52.5748,-37.206,2
392,FDSLSB89 ,51.9759,-37.5268,2.2
393,FDSLSB90 ,52.7242,-37.6584,2.2
394,FDSLSB91 ,52.2679,-37.3374,5.5
395,FDSLSB92 ,51.7981,-37.4906,3.3
396,FDSLSB93 ,53.6916,-34.8925,3.2
397,FDSLSB94 ,53.042,-34.265,3.3
398,FDSLSB95 ,53.6687,-34.3541,7.8
399,FDSLSB96 ,53.97,-34.2429,2.7
400,FDSLSB97 ,53.6189,-34.9441,3.8
401,FDSLSB98 ,53.6202,-34.4403,5.7
402,FDSLSB99 ,53.3951,-34.4668,3.1
403,FDSLSB100,53.1264,-34.3485,8.6
404,FDSLSB101,52.9643,-34.8473,3.2
405,FDSLSB102,53.95,-34.6997,1.9
406,FDSLSB103,57.0408,-37.5259,10.9
407,FDSLSB104,57.3918,-37.4947,2.1
408,FDSLSB105,56.8123,-37.365,3.3
409,FDSLSB106,56.4795,-37.181,2.9
410,FDSLSB107,53.6081,-37.4844,2.6
411,FDSLSB108,53.4529,-37.3406,2.1
412,FDSLSB109,53.8799,-37.0395,1.8
413,FDSLSB110,53.7147,-36.9777,1.8
414,FDSLSB111,53.4324,-37.1163,3.1
415,FDSLSB112,53.7615,-37.9078,2.1
416,FDSLSB113,55.5294,-34.5646,2
417,FDSLSB114,55.6718,-34.6799,2.1
418,FDSLSB115,56.4555,-34.4325,2.2
419,FDSLSB116,55.6079,-34.335,2.1
420,FDSLSB117,55.5056,-34.9253,3.7
421,FDSLSB118,55.8614,-34.245,5.2
422,FDSLSB119,55.3953,-34.3258,2
423,FDSLSB120,56.4226,-33.9961,2.4
424,FDSLSB121,56.0955,-34.6224,3.7
425,FDSLSB122,55.362,-34.9168,2.7
426,FDSLSB123,56.3071,-34.5639,2.3
427,FDSLSB124,55.7328,-34.2253,3.3
428,FDSLSB125,55.2634,-34.6959,6.8
429,FDSLSB126,55.9068,-34.7768,6.5
430,FDSLSB127,55.4163,-34.3223,2.3
431,FDSLSB128,56.2521,-34.7438,4.9
432,FDSLSB129,56.4537,-34.8818,4
433,FDSLSB130,55.6863,-34.5956,2.1
434,FDSLSB131,56.2053,-34.5313,2.2
435,FDSLSB132,55.8359,-34.2107,2.1
436,FDSLSB133,56.2334,-34.2963,1.9
437,FDSLSB134,54.446,-33.4367,6.2
438,FDSLSB135,54.8153,-33.918,1.9
439,FDSLSB136,54.8844,-33.6094,8.4
440,FDSLSB137,55.1504,-33.8045,2.5
441,FDSLSB138,54.9325,-33.7768,2.4
442,FDSLSB139,54.8873,-33.1938,3.1
443,FDSLSB140,54.2437,-33.1621,3.6
444,FDSLSB141,54.1041,-33.7279,2.2
445,FDSLSB142,54.9394,-33.1648,5.8
446,FDSLSB143,54.6376,-33.6633,4.2
447,FDSLSB144,54.8474,-33.66,2
448,FDSLSB145,54.5351,-33.0257,2.4
449,FDSLSB146,53.6502,-33.7073,2
450,FDSLSB147,53.4327,-33.2345,2.7
451,FDSLSB148,53.5915,-33.758,2.6
452,FDSLSB149,53.8811,-33.24,2.6
453,FDSLSB150,53.7292,-33.2091,6
454,FDSLSB151,53.7623,-33.6911,1.8
455,FDSLSB152,54.9274,-34.2764,3.6
456,FDSLSB153,54.5553,-34.7763,2.1
457,FDSLSB154,54.1914,-34.4138,3.7
458,FDSLSB155,54.3574,-34.3708,2.4
459,FDSLSB156,54.6988,-34.5563,2.1
460,FDSLSB157,54.6617,-34.2846,1.8
461,FDSLSB158,54.6512,-34.5335,1.9
462,FDSLSB159,54.9457,-34.6873,7.3
463,FDSLSB160,54.3129,-34.7013,2.3
464,FDSLSB161,54.5196,-34.383,5.9
465,FDSLSB162,54.6312,-34.7748,2.6
466,FDSLSB163,54.0734,-34.3187,2
467,FDSLSB164,54.4036,-34.7416,2.2
468,FDSLSB165,55.1751,-34.1209,2.6
469,FDSLSB166,54.2889,-34.2914,2.5
470,FDSLSB167,54.6022,-34.6486,3.4
471,FDSLSB168,54.8934,-34.0901,3.1
472,FDSLSB169,55.1183,-34.7862,4.1
473,FDSLSB170,55.2243,-34.2882,3.6
474,FDSLSB171,54.5274,-34.415,2.4
475,FDSLSB172,54.1924,-34.7949,3
476,FDSLSB173,50.8385,-37.1134,2.8
477,FDSLSB174,50.7553,-37.4212,2.6
478,FDSLSB175,50.5267,-37.5427,30.8
479,FDSLSB176,51.2619,-37.0043,4.5
480,FDSLSB177,50.4838,-37.6262,3.1
481,FDSLSB178,50.9157,-37.0949,3.5
482,FDSLSB179,51.5189,-37.1087,3.9
483,FDSLSB180,52.5645,-34.4251,6.3
484,FDSLSB181,52.1851,-34.0664,5.3
485,FDSLSB182,52.4906,-34.3831,2.9
486,FDSLSB183,52.7456,-34.6933,5.9
487,FDSLSB184,52.3776,-34.4024,3.7
488,FDSLSB185,51.7101,-34.0405,2.1
489,FDSLSB186,51.6453,-34.4981,7.7
490,FDSLSB187,51.7205,-36.0858,2.6
491,FDSLSB188,52.5953,-36.2247,6.3
492,FDSLSB189,52.0379,-36.9367,2.2
493,FDSLSB190,51.7612,-36.0912,4.4
494,FDSLSB191,51.9483,-36.8,2
495,FDSLSB192,52.4633,-36.3971,7.3
496,FDSLSB193,51.869,-36.7143,2.7
497,FDSLSB194,52.7521,-35.5127,2.9
498,FDSLSB195,51.9203,-35.026,2.5
499,FDSLSB196,51.8255,-34.9959,2.1
500,FDSLSB197,51.6527,-35.0265,2.8
501,FDSLSB198,51.9623,-35.04,2.9
502,FDSLSB199,51.6682,-35.1853,3
503,FDSLSB200,51.6471,-35.1005,2.4
504,FDSLSB201,51.6391,-35.1544,2.8
505,FDSLSB202,51.7765,-35.0054,2.8
506,FDSLSB203,51.973,-35.0688,4
507,FDSLSB204,52.0993,-35.7632,3.2
508,FDSLSB205,51.7815,-35.1349,3.9
509,FDSLSB206,52.755,-35.6377,4
510,FDSLSB207,56.7047,-34.7795,1.7
511,FDSLSB208,56.6831,-34.3944,2.2
512,FDSLSB209,57.6524,-34.8997,2.8
513,FDSLSB210,56.5458,-34.3528,2.2
514,FDSLSB211,54.238,-35.8365,10.1
515,FDSLSB212,55.0121,-35.465,12.8
516,FDSLSB213,54.746,-35.7412,2.5
517,FDSLSB214,55.2134,-35.1481,2.1
518,FDSLSB215,55.189,-35.5021,3.9
519,FDSLSB216,54.7312,-35.2371,9.7
520,FDSLSB217,54.6159,-35.0399,20.5
521,FDSLSB218,54.3163,-35.3574,6.8
522,FDSLSB219,55.0521,-35.2887,5.6
523,FDSLSB220,54.2494,-35.1373,10.6
524,FDSLSB221,54.325,-35.6993,6.5
525,FDSLSB222,55.2069,-35.3884,3.7
526,FDSLSB223,54.051,-35.7463,3.5
527,FDSLSB224,54.8996,-35.2981,2
528,FDSLSB225,54.6987,-35.7256,2.1
529,FDSLSB226,54.1612,-35.6114,5.6
530,FDSLSB227,54.9853,-35.6224,10
531,FDSLSB228,55.0187,-35.0727,3.1
532,FDSLSB229,55.0776,-35.1374,7.4
533,FDSLSB230,54.0424,-35.6712,5
534,FDSLSB231,54.3629,-35.3058,1.9
535,FDSLSB233,54.87,-35.5724,8.8
536,FDSLSB234,54.5171,-35.2822,2.2
537,FDSLSB235,54.4353,-35.7036,3.3
538,FDSLSB236,52.9489,-36.3478,2.1
539,FDSLSB237,53.5472,-36.7498,3.3
540,FDSLSB238,53.4926,-36.1911,7.3
541,FDSLSB239,53.343,-36.0801,2.3
542,FDSLSB240,53.1326,-36.799,2.7
543,FDSLSB241,52.8611,-36.0963,4.4
544,FDSLSB242,53.9198,-36.7436,2.4
545,FDSLSB243,53.0112,-36.3821,4.4
546,FDSLSB244,53.6025,-35.9681,3.1
547,FDSLSB245,53.7451,-36.1969,4.9
548,FDSLSB246,53.4932,-36.0942,3.3
549,FDSLSB247,53.9987,-36.5739,14.7
550,FDSLSB248,53.4285,-36.0248,2.7
551,FDSLSB249,55.0757,-36.0585,4
552,FDSLSB250,54.9632,-36.0123,3.3
553,FDSLSB251,55.1372,-36.5799,5.7
554,FDSLSB252,54.2289,-36.3533,3.4
555,FDSLSB253,54.7655,-36.5593,3.8
556,FDSLSB254,54.5354,-36.0085,4.1
557,FDSLSB255,54.5976,-36.5513,18.9
558,FDSLSB256,54.5137,-36.7422,3.4
559,FDSLSB257,54.034,-36.2891,2.2
560,FDSLSB258,54.3144,-36.8423,3
561,FDSLSB259,54.0352,-35.9868,3.3
562,FDSLSB260,54.7263,-35.9862,4.2
563,FDSLSB261,55.0864,-36.7496,2.7
564,FDSLSB262,55.1396,-36.5548,6.7
565,FDSLSB263,55.0605,-36.6135,3.5
566,FDSLSB264,54.8491,-36.9491,2.4
567,FDSLSB265,54.3615,-36.7165,1.8
568,FDS22_DWARF084 ,51.9395,-37.6044,13.46382
569,FDS22_DWARF120 ,51.8949,-37.5048,7.57148
570,FDS22_DWARF104 ,51.7313,-37.5477,8.81826
571,FDS22_DWARF173 ,52.1472,-37.3568,5.31806
572,FDS22_DWARF162 ,51.9757,-37.3759,8.68672
573,FDS28_DWARF027 ,49.377,-37.8437,7.66988
574,FDS28_DWARF054 ,49.6341,-37.7692,2.7905
575,FDS28_DWARF055 ,49.636,-37.7657,5.69258
576,FDS28_DWARF003 ,49.146,-37.884,3.50884
577,FDS28_DWARF157 ,49.3168,-37.476,5.5378
578,FDS28_DWARF184 ,49.2999,-37.4085,3.55422
579,FDS28_DWARF203 ,49.2407,-37.3616,2.50102
580,FDS26_DWARF040 ,50.7985,-37.8369,3.42606
581,FDS26_DWARF039 ,50.8686,-37.8478,4.34296
582,FDS26_DWARF024 ,50.6496,-37.873,2.36402
583,FDS26_DWARF111 ,50.7136,-37.5271,4.80908
584,FDS26_DWARF141 ,50.5946,-37.3976,16.62014
585,FDS26_DWARF170 ,50.6591,-37.3134,2.62206
586,FDS26_DWARF103 ,51.5051,-37.5703,3.91142
587,FDS26_DWARF101 ,51.1627,-37.5848,5.93592
588,FDS26_DWARF097 ,51.2249,-37.5983,4.20614
589,FDS22_DWARF153 ,51.7227,-37.393,3.89026
590,FDS22_DWARF182 ,51.6484,-37.3152,4.67918
591,FDS22_DWARF189 ,51.6811,-37.299,10.38706
592,FDS22_DWARF207 ,51.6696,-37.2296,2.88858
593,FDS22_DWARF267 ,51.7985,-37.0626,3.2898
594,FDS22_DWARF244 ,51.6043,-37.1278,8.51306
595,FDS26_DWARF203 ,51.3969,-37.2382,3.32208
596,FDS22_DWARF295 ,51.6173,-36.9536,3.89422
597,FDS21_DWARF009 ,51.6373,-36.9172,3.05938
598,FDS26_DWARF000 ,50.9767,-37.51,17.902201
599,FDS26_DWARF176 ,51.1212,-37.3025,5.67984
600,FDS26_DWARF233 ,50.8036,-37.1394,6.13538
601,FDS26_DWARF277 ,50.8899,-36.9829,8.69732
602,FDS25_DWARF013 ,50.9728,-36.9231,2.60236
603,FDS26_DWARF265 ,51.3421,-37.0723,4.1013
604,FDS26_DWARF003 ,51.2432,-37.0096,16.88938
605,FDS25_DWARF008 ,51.2673,-36.9277,13.03918
606,FDS25_DWARF065 ,51.5032,-36.7942,2.98522
607,FDS25_DWARF094 ,51.476,-36.7136,6.09742
608,FDS25_DWARF117 ,51.1297,-36.6452,6.46334
609,FDS25_DWARF080 ,51.3535,-36.7448,7.62508
610,FDS25_DWARF100 ,51.2822,-36.6868,3.70852
611,FDS25_DWARF146 ,51.2894,-36.5533,8.56012
612,FDS28_DWARF052 ,49.9835,-37.7865,6.19022
613,FDS28_DWARF176 ,49.9993,-37.4599,3.4274
614,FDS26_DWARF229 ,50.5258,-37.1427,9.31088
615,FDS28_DWARF219 ,49.5228,-37.3395,3.02154
616,FDS28_DWARF255 ,49.4239,-37.1442,14.60388
617,FDS28_DWARF315 ,49.9675,-37.008,3.2936
618,FDS27_DWARF103 ,50.1276,-36.6828,2.45936
619,FDS27_DWARF104 ,50.0598,-36.6753,3.62094
620,FDS26_DWARF468 ,50.6273,-36.9723,2.35958
621,FDS25_DWARF020 ,50.8529,-36.888,7.3326
622,FDS25_DWARF015 ,50.7609,-36.9032,9.38724
623,FDS25_DWARF043 ,50.8788,-36.8255,6.2546
624,FDS25_DWARF141 ,50.5864,-36.5701,3.2067
625,FDS25_DWARF498 ,51.0285,-36.382,3.52974
626,FDS25_DWARF182 ,50.8636,-36.4554,3.25748
627,FDS25_DWARF191 ,50.8626,-36.4384,5.6864
628,FDS27_DWARF211 ,50.3001,-36.2656,8.45672
629,FDS25_DWARF512 ,50.4308,-36.2087,11.55432
630,FDS25_DWARF296 ,50.4294,-36.208,12.17424
631,FDS25_DWARF420 ,50.7118,-35.961,4.75126
632,FDS13_DWARF004 ,55.01,-37.9414,3.4978
633,FDS13_DWARF042 ,55.2303,-37.8376,10.92316
634,FDS13_DWARF054 ,55.1427,-37.8518,6.11928
635,FDS13_DWARF058 ,55.1262,-37.828,7.26844
636,FDS13_DWARF074 ,54.2367,-37.8208,9.94792
637,FDS13_DWARF496 ,54.2365,-37.8208,11.51404
638,FDS13_DWARF044 ,54.4815,-37.856,10.57016
639,FDS13_DWARF130 ,54.9101,-37.7097,2.65218
640,FDS13_DWARF162 ,55.0871,-37.6449,13.77978
641,FDS13_DWARF165 ,55.0854,-37.6441,13.58604
642,FDS13_DWARF230 ,55.0774,-37.4994,8.44634
643,FDS13_DWARF318 ,54.9292,-37.2884,2.38512
644,FDS33_DWARF121 ,57.3021,-36.974,18.096239
645,FDS33_DWARF088 ,56.6567,-37.1595,14.72654
646,FDS33_DWARF081 ,56.5214,-37.1716,2.64124
647,FDS33_DWARF129 ,56.9447,-36.9578,4.05442
648,FDS13_DWARF224 ,55.2271,-37.5166,7.09864
649,FDS13_DWARF258 ,55.185,-37.4083,9.2233
650,FDS7_DWARF021  ,55.2864,-36.9319,3.08504
651,FDS7_DWARF023  ,55.3802,-36.9228,8.7785
652,FDS7_DWARF185  ,55.3477,-36.6537,3.40788
653,FDS7_DWARF158  ,55.6096,-36.6868,14.28166
654,FDS7_DWARF193  ,55.4577,-36.6304,6.94492
655,FDS7_DWARF001  ,56.3087,-36.9367,14.76926
656,FDS7_DWARF015  ,56.2442,-36.8949,13.171
657,FDS7_DWARF183  ,56.2867,-36.6485,10.74562
658,FDS7_DWARF244  ,56.2284,-36.4972,7.75964
659,FDS7_DWARF640  ,56.2947,-36.464,1.79936
660,FDS7_DWARF310  ,56.4391,-36.3461,7.25624
661,FDS7_DWARF234  ,56.052,-36.5273,7.47654
662,FDS7_DWARF275  ,55.5918,-36.4473,2.853
663,FDS7_DWARF360  ,55.7601,-36.2734,32.652882
664,FDS7_DWARF326  ,56.2496,-36.3198,20.82498
665,FDS7_DWARF696  ,56.0428,-36.1788,5.15994
666,FDS7_DWARF486  ,56.1216,-36.0358,15.484
667,FDS7_DWARF509  ,56.1636,-35.9826,15.1911
668,FDS7_DWARF000  ,56.2649,-35.9727,7.60046
669,FDS6_DWARF030  ,56.1047,-35.8568,11.12248
670,FDS2_DWARF002  ,57.4542,-35.9457,13.567
671,FDS2_DWARF000  ,57.653,-35.9094,14.54166
672,FDS2_DWARF028  ,57.5544,-35.8844,2.29778
673,FDS2_DWARF012  ,57.3075,-35.9268,5.36672
674,FDS6_DWARF118  ,56.3935,-35.6885,5.42466
675,FDS6_DWARF175  ,56.4129,-35.6106,2.21908
676,FDS2_DWARF133  ,56.9455,-35.6598,5.74684
677,FDS2_DWARF277  ,57.1846,-35.3532,4.54444
678,FDS2_DWARF282  ,57.2676,-35.3547,4.95906
679,FDS2_DWARF393  ,56.9114,-35.1427,3.84766
680,FDS2_DWARF436  ,56.9761,-35.0381,5.77654
681,FDS2_DWARF433  ,57.0092,-35.0265,10.68414
682,FDS2_DWARF321  ,57.5965,-35.248,8.5648
683,FDS18_DWARF140 ,53.8485,-37.6183,3.18466
684,FDS18_DWARF058 ,53.3121,-37.8212,16.94416
685,FDS18_DWARF045 ,53.1881,-37.8363,10.86432
686,FDS18_DWARF098 ,53.4826,-37.7348,2.63558
687,FDS18_DWARF129 ,53.1954,-37.6419,8.40748
688,FDS18_DWARF185 ,53.4053,-37.5102,2.91106
689,FDS18_DWARF225 ,53.4086,-37.4087,4.16732
690,FDS13_DWARF176 ,54.02,-37.6152,4.3804
691,FDS13_DWARF284 ,54.1532,-37.3653,6.10256
692,FDS13_DWARF299 ,54.5557,-37.2899,26.886539
693,FDS13_DWARF302 ,54.4736,-37.2797,13.85384
694,FDS13_DWARF357 ,54.4277,-37.2086,11.47126
695,FDS13_DWARF378 ,54.0998,-37.1639,9.36214
696,FDS18_DWARF335 ,53.5091,-37.1817,3.43236
697,FDS13_DWARF398 ,54.1048,-37.1252,3.22026
698,FDS12_DWARF052 ,54.4113,-36.8111,4.3958
699,FDS18_DWARF111 ,52.9416,-37.6969,8.12398
700,FDS18_DWARF143 ,52.8433,-37.6135,10.76716
701,FDS22_DWARF099 ,52.6151,-37.5897,1.61864
702,FDS18_DWARF333 ,53.0699,-37.1772,2.84516
703,FDS22_DWARF169 ,52.2576,-37.3606,7.9862
704,FDS22_DWARF256 ,52.1956,-37.1012,2.05348
705,FDS18_DWARF408 ,52.8387,-37.0002,3.38134
706,FDS17_DWARF121 ,53.5682,-36.5897,2.78482
707,FDS17_DWARF082 ,53.3448,-36.6831,4.9836
708,FDS17_DWARF110 ,53.3924,-36.6056,18.218479
709,FDS17_DWARF127 ,53.8014,-36.5754,6.80878
710,FDS12_DWARF236 ,54.1342,-36.427,9.05058
711,FDS17_DWARF188 ,53.8503,-36.3638,6.79322
712,FDS17_DWARF166 ,53.713,-36.4629,9.59382
713,FDS17_DWARF161 ,53.5293,-36.466,8.67426
714,FDS17_DWARF185 ,53.4868,-36.382,3.76038
715,FDS17_DWARF226 ,53.7149,-36.3231,5.00298
716,FDS17_DWARF251 ,53.7889,-36.2697,2.81288
717,FDS17_DWARF283 ,53.855,-36.179,10.80642
718,FDS17_DWARF167 ,53.2638,-36.4431,15.69474
719,FDS17_DWARF220 ,52.9811,-36.3162,4.72504
720,FDS17_DWARF242 ,52.9127,-36.2769,12.43062
721,FDS17_DWARF265 ,53.044,-36.2196,12.31258
722,FDS17_DWARF243 ,53.5495,-36.2876,7.74154
723,FDS17_DWARF317 ,53.6519,-36.054,4.38224
724,FDS17_DWARF316 ,53.5328,-36.0699,9.15132
725,FDS17_DWARF288 ,53.2025,-36.1531,5.8655
726,FDS17_DWARF303 ,53.3191,-36.0942,2.83424
727,FDS17_DWARF325 ,53.3031,-36.0174,15.04296
728,FDS17_DWARF345 ,53.3507,-35.9868,7.17018
729,FDS17_DWARF304 ,53.1243,-36.0883,15.70448
730,FDS16_DWARF003 ,53.2022,-35.9459,6.79008
731,FDS17_DWARF359 ,53.3654,-35.9648,3.224
732,FDS16_DWARF533 ,53.5596,-35.8194,8.00204
733,FDS16_DWARF024 ,53.4305,-35.8594,39.785
734,FDS16_DWARF051 ,53.4518,-35.8361,9.69522
735,FDS13_DWARF462 ,54.9065,-36.9834,1.96114
736,FDS12_DWARF015 ,54.9174,-36.9128,2.29604
737,FDS12_DWARF098 ,54.6736,-36.7273,5.57012
738,FDS12_DWARF148 ,54.8545,-36.6222,5.41572
739,FDS12_DWARF183 ,54.9077,-36.5537,6.35268
740,FDS12_DWARF135 ,54.7332,-36.6622,2.60326
741,FDS12_DWARF154 ,54.723,-36.6142,4.86152
742,FDS7_DWARF286  ,55.2363,-36.4283,2.30142
743,FDS7_DWARF324  ,55.4155,-36.3629,5.70478
744,FDS12_DWARF172 ,55.0292,-36.5599,9.45722
745,FDS12_DWARF178 ,55.0716,-36.5348,10.72626
746,FDS12_DWARF194 ,55.1125,-36.4989,11.85954
747,FDS12_DWARF296 ,55.0806,-36.3139,10.19852
748,FDS12_DWARF339 ,55.0256,-36.2336,12.99702
749,FDS12_DWARF366 ,55.1832,-36.1853,19.590481
750,FDS12_DWARF399 ,55.1571,-36.1211,9.38174
751,FDS12_DWARF080 ,54.4319,-36.7264,8.6936
752,FDS12_DWARF190 ,54.3851,-36.5444,4.08192
753,FDS12_DWARF176 ,54.6641,-36.5583,6.46392
754,FDS12_DWARF286 ,54.7536,-36.3386,5.21316
755,FDS12_DWARF241 ,54.5868,-36.4127,19.2609
756,FDS12_DWARF586 ,54.5871,-36.4125,21.23596
757,FDS12_DWARF608 ,54.7168,-36.301,2.03492
758,FDS12_DWARF197 ,54.2198,-36.4861,14.2836
759,FDS12_DWARF327 ,54.3038,-36.2579,5.90904
760,FDS12_DWARF287 ,54.546,-36.3377,4.63048
761,FDS12_DWARF314 ,54.5644,-36.2812,6.7684
762,FDS12_DWARF383 ,54.42,-36.174,11.15168
763,FDS12_DWARF433 ,54.8846,-36.0994,4.66732
764,FDS12_DWARF396 ,54.9691,-36.1419,3.3882
765,FDS12_DWARF436 ,55.0014,-36.0936,5.16304
766,FDS12_DWARF406 ,54.7741,-36.0989,6.36788
767,FDS12_DWARF429 ,54.5801,-36.0656,6.48598
768,FDS12_DWARF463 ,54.5262,-36.0501,4.6393
769,FDS11_DWARF013 ,54.6552,-35.9171,4.40076
770,FDS11_DWARF079 ,54.8321,-35.7247,17.04566
771,FDS7_DWARF520b ,55.6462,-35.985,7.06932
772,FDS7_DWARF529  ,55.6538,-35.9558,7.5557
773,FDS7_DWARF461  ,55.3496,-36.0806,8.44546
774,FDS6_DWARF003  ,55.3391,-35.9487,8.8514
775,FDS6_DWARF024  ,55.6608,-35.8679,8.96784
776,FDS7_DWARF504  ,55.8876,-36.0059,8.55946
777,FDS6_DWARF098  ,56.1851,-35.6837,6.97452
778,FDS6_DWARF223  ,56.0341,-35.5492,6.42032
779,FDS6_DWARF129  ,55.8975,-35.6743,8.25314
780,FDS6_DWARF154  ,55.9535,-35.6256,13.97898
781,FDS6_DWARF249  ,55.8064,-35.5189,8.9532
782,FDS11_DWARF032 ,55.1401,-35.8882,4.7987
783,FDS11_DWARF040 ,55.1807,-35.8608,4.90598
784,FDS11_DWARF027 ,55.1278,-35.8779,8.30076
785,FDS11_DWARF069 ,55.21,-35.7485,11.13204
786,FDS6_DWARF100b ,55.366,-35.7203,7.19324
787,FDS6_DWARF082  ,55.2533,-35.7425,14.22658
788,FDS6_DWARF115  ,55.2789,-35.6905,6.05102
789,FDS6_DWARF134  ,55.2666,-35.6475,5.76372
790,FDS6_DWARF170  ,55.3823,-35.5896,10.26596
791,FDS11_DWARF052b,55.0407,-35.8362,6.20318
792,FDS11_DWARF140 ,55.0653,-35.6629,4.78506
793,FDS11_DWARF134 ,54.9808,-35.6621,9.1263
794,FDS11_DWARF519 ,55.0411,-35.6291,42.298458
795,FDS11_DWARF110 ,55.1763,-35.661,10.3819
796,FDS6_DWARF267  ,55.2805,-35.5144,13.59686
797,FDS11_DWARF277 ,55.1115,-35.4198,4.86688
798,FDS6_DWARF201  ,55.6051,-35.5949,7.10868
799,FDS6_DWARF216  ,55.5797,-35.5608,6.8339
800,FDS6_DWARF208  ,55.5719,-35.5407,12.04596
801,FDS6_DWARF244  ,55.6372,-35.5322,6.79064
802,FDS6_DWARF234  ,55.6788,-35.5407,4.67064
803,FDS6_DWARF251  ,55.4586,-35.5353,5.497
804,FDS6_DWARF352  ,55.7296,-35.3435,8.86162
805,FDS6_DWARF303  ,55.396,-35.4401,5.65102
806,FDS6_DWARF347  ,55.4976,-35.3489,4.91398
807,FDS6_DWARF374  ,55.4894,-35.2925,14.67334
808,FDS6_DWARF350  ,55.4193,-35.3517,6.1769
809,FDS6_DWARF002  ,55.5949,-35.1541,11.4426
810,FDS6_DWARF455  ,55.4222,-35.1703,6.91094
811,FDS12_DWARF349 ,54.2052,-36.2297,13.37974
812,FDS17_DWARF259 ,54.0045,-36.258,3.59364
813,FDS12_DWARF367 ,54.0536,-36.1665,9.94824
814,FDS12_DWARF492 ,54.3645,-35.9629,5.85866
815,FDS17_DWARF312 ,53.8491,-36.0914,6.10422
816,FDS17_DWARF343 ,53.9429,-35.9893,18.848539
817,FDS11_DWARF029 ,54.2929,-35.8883,6.42064
818,FDS11_DWARF010 ,54.098,-35.9114,13.95088
819,FDS11_DWARF044 ,54.0285,-35.8423,13.16486
820,FDS12_DWARF491 ,54.4249,-35.9553,9.42268
821,FDS11_DWARF049 ,54.3918,-35.8292,12.01982
822,FDS11_DWARF047 ,54.6526,-35.834,4.99074
823,FDS11_DWARF075 ,54.657,-35.7576,8.94512
824,FDS11_DWARF186 ,54.676,-35.5521,4.70514
825,FDS11_DWARF071b,54.3166,-35.7882,1.9085
826,FDS11_DWARF064 ,54.2642,-35.8007,5.94844
827,FDS11_DWARF093 ,54.2266,-35.7471,4.99546
828,FDS11_DWARF155 ,54.2689,-35.5901,12.20224
829,FDS11_DWARF185 ,54.5784,-35.5309,20.28978
830,FDS11_DWARF204 ,54.5694,-35.5077,9.70014
831,FDS11_DWARF229 ,54.5827,-35.4825,2.741
832,FDS11_DWARF235 ,54.5273,-35.4399,13.28242
833,FDS16_DWARF027 ,53.684,-35.8615,14.61616
834,FDS11_DWARF108 ,54.1051,-35.7032,8.91196
835,FDS16_DWARF141 ,53.7167,-35.6233,2.94072
836,FDS16_DWARF108 ,53.5665,-35.7044,2.51996
837,FDS16_DWARF159 ,53.6228,-35.5465,17.495899
838,FDS16_DWARF185a,53.9283,-35.5141,11.91012
839,FDS16_DWARF170 ,53.7197,-35.5695,4.34112
840,FDS16_DWARF172 ,53.7195,-35.5694,4.23684
841,FDS16_DWARF227 ,53.7727,-35.4506,8.52268
842,FDS16_DWARF230b,53.8001,-35.4342,5.92204
843,FDS11_DWARF246 ,54.1792,-35.4356,16.06896
844,FDS11_DWARF294 ,54.1553,-35.3859,20.52392
845,FDS11_DWARF296 ,54.2917,-35.3865,5.13894
846,FDS11_DWARF299 ,54.4107,-35.3854,6.05256
847,FDS11_DWARF330 ,54.4213,-35.2962,6.19126
848,FDS11_DWARF279 ,54.2263,-35.3747,9.6731
849,FDS11_DWARF306 ,54.2492,-35.3432,14.49308
850,FDS11_DWARF289 ,54.0169,-35.3889,13.59262
851,FDS16_DWARF272 ,53.9912,-35.348,4.01544
852,FDS16_DWARF257 ,53.9282,-35.3383,15.40952
853,FDS16_DWARF281 ,53.798,-35.3229,5.41692
854,FDS11_DWARF365 ,54.1165,-35.2107,8.65192
855,FDS11_DWARF200 ,54.9236,-35.5317,5.82826
856,FDS11_DWARF203 ,54.9587,-35.5229,6.09422
857,FDS11_DWARF283 ,54.8055,-35.3714,16.09984
858,FDS11_DWARF327 ,55.098,-35.2766,14.07648
859,FDS11_DWARF311 ,54.9643,-35.3221,11.01516
860,FDS11_DWARF339 ,54.5895,-35.2597,6.57772
861,FDS11_DWARF423 ,54.7796,-35.1228,3.33788
862,FDS6_DWARF462  ,55.3036,-35.1587,18.88386
863,FDS11_DWARF458 ,55.141,-35.0229,14.51536
864,FDS11_DWARF554 ,55.2074,-35.0236,7.84982
865,FDS6_DWARF584  ,55.266,-34.9542,6.01098
866,FDS5_DWARF000  ,55.3856,-34.8888,16.473021
867,FDS5_DWARF093  ,55.4137,-34.833,4.9609
868,FDS11_DWARF475 ,54.9596,-35.0219,22.0856
869,FDS11_DWARF488 ,55.1096,-35.0034,6.27546
870,FDS10_DWARF004 ,55.1693,-34.9489,6.98548
871,FDS5_DWARF182  ,55.2364,-34.713,3.29386
872,FDS11_DWARF403 ,54.5364,-35.1648,11.84496
873,FDS11_DWARF396 ,54.5802,-35.1291,9.59314
874,FDS11_DWARF411b,54.4616,-35.1512,2.27596
875,FDS11_DWARF461 ,54.4422,-35.0526,2.5532
876,FDS10_DWARF017 ,54.5934,-34.9266,3.85946
877,FDS10_DWARF003 ,54.2219,-34.9384,9.66426
878,FDS10_DWARF014 ,54.3472,-34.9001,12.77846
879,FDS10_DWARF034 ,54.2611,-34.8755,5.33378
880,FDS10_DWARF023 ,54.4777,-34.8821,8.05108
881,FDS10_DWARF077 ,55.0053,-34.7581,9.30016
882,FDS10_DWARF056 ,54.7262,-34.8256,7.63798
883,FDS10_DWARF109 ,55.0023,-34.7231,6.35858
884,FDS10_DWARF123 ,54.9773,-34.6961,3.96264
885,FDS10_DWARF147 ,55.0213,-34.6521,4.40016
886,FDS10_DWARF228 ,55.0418,-34.4468,15.82464
887,FDS10_DWARF137b,54.5753,-34.6744,4.6632
888,FDS21_DWARF006 ,52.0689,-36.9289,3.76846
889,FDS21_DWARF055a,51.7213,-36.7987,9.51024
890,FDS21_DWARF105 ,52.3934,-36.7032,5.14328
891,FDS21_DWARF192 ,52.6636,-36.4861,6.79406
892,FDS21_DWARF212 ,52.4249,-36.4105,7.27274
893,FDS21_DWARF202 ,52.2386,-36.4371,10.10118
894,FDS21_DWARF255 ,52.3002,-36.3266,6.02544
895,FDS21_DWARF306 ,52.4254,-36.2214,15.14142
896,FDS21_DWARF084 ,51.7066,-36.7475,2.43698
897,FDS21_DWARF129 ,51.776,-36.6368,4.45114
898,FDS21_DWARF170 ,51.6484,-36.5273,3.61826
899,FDS21_DWARF198 ,51.833,-36.4542,6.10342
900,FDS25_DWARF181 ,51.3818,-36.4713,6.98792
901,FDS25_DWARF496 ,51.4985,-36.3978,19.585239
902,FDS25_DWARF232 ,51.4989,-36.3977,18.7159
903,FDS21_DWARF253 ,52.0118,-36.3334,4.53556
904,FDS21_DWARF328 ,52.2798,-36.1615,13.12116
905,FDS21_DWARF334 ,51.8989,-36.1416,2.53014
906,FDS21_DWARF333 ,51.8403,-36.1466,10.2605
907,FDS21_DWARF371 ,51.9301,-36.0164,2.67394
908,FDS20_DWARF008 ,51.8657,-35.9239,9.98736
909,FDS20_DWARF014 ,51.866,-35.9238,10.02542
910,FDS20_DWARF048 ,51.974,-35.8075,4.0368
911,FDS17_DWARF227 ,52.7845,-36.2901,8.08564
912,FDS16_DWARF055 ,52.8362,-35.8195,5.7334
913,FDS16_DWARF072 ,53.114,-35.7754,8.90032
914,FDS16_DWARF081 ,53.2883,-35.7181,17.770679
915,FDS16_DWARF075 ,53.2392,-35.7374,17.58486
916,FDS16_DWARF102 ,53.3877,-35.7042,3.6872
917,FDS16_DWARF127 ,53.384,-35.6618,8.07802
918,FDS16_DWARF145 ,53.3425,-35.6056,4.06626
919,FDS16_DWARF138 ,53.2537,-35.6093,6.9046
920,FDS16_DWARF109 ,52.946,-35.6761,10.2467
921,FDS16_DWARF152 ,52.9532,-35.5825,4.90954
922,FDS16_DWARF246 ,53.0917,-35.4061,9.0905
923,FDS16_DWARF232 ,53.0219,-35.4257,6.16724
924,FDS20_DWARF031 ,52.3891,-35.8676,9.86638
925,FDS20_DWARF100 ,52.5474,-35.6736,5.70542
926,FDS20_DWARF118 ,52.3591,-35.6041,4.2106
927,FDS20_DWARF472 ,52.3585,-35.5434,1.96466
928,FDS20_DWARF193 ,52.4087,-35.4,9.2481
929,FDS20_DWARF205 ,52.4393,-35.3785,11.73832
930,FDS20_DWARF138 ,52.6925,-35.5501,19.21814
931,FDS16_DWARF204 ,52.8627,-35.4935,10.50618
932,FDS20_DWARF198 ,52.6908,-35.3943,2.5167
933,FDS20_DWARF498 ,52.5455,-35.3461,4.842
934,FDS20_DWARF212 ,52.6943,-35.3546,13.86796
935,FDS20_DWARF502 ,52.6383,-35.3239,1.78474
936,FDS20_DWARF264 ,52.6612,-35.2274,4.52804
937,FDS20_DWARF360 ,52.6526,-35.0417,8.79622
938,FDS25_DWARF001 ,51.3331,-36.3849,66.50518
939,FDS25_DWARF241 ,51.2893,-36.3652,33.889919
940,FDS20_DWARF058 ,51.611,-35.7658,7.49582
941,FDS20_DWARF144 ,51.7254,-35.5186,23.989679
942,FDS20_DWARF146 ,52.0754,-35.5376,1.7927
943,FDS20_DWARF142 ,52.0672,-35.5377,5.84056
944,FDS20_DWARF254 ,51.8854,-35.2496,6.5151
945,FDS20_DWARF253 ,52.0277,-35.2364,9.56432
946,FDS20_DWARF320 ,52.0003,-35.0791,5.8955
947,FDS20_DWARF296 ,52.3617,-35.1247,2.85248
948,FDS20_DWARF333 ,52.5748,-35.0754,5.11034
949,FDS20_DWARF384 ,52.674,-34.9869,2.27046
950,FDS19_DWARF613a,52.5432,-34.8011,2.4353
951,FDS19_DWARF613b,52.5418,-34.7998,2.47272
952,FDS19_DWARF094 ,52.2105,-34.835,2.66494
953,FDS19_DWARF100 ,52.3539,-34.8241,2.85066
954,FDS20_DWARF238 ,51.7095,-35.2739,2.8475
955,FDS20_DWARF522 ,51.7796,-35.1934,1.87138
956,FDS20_DWARF334 ,51.6781,-35.0405,11.8233
957,FDS19_DWARF004 ,51.9882,-34.9483,2.21796
958,FDS19_DWARF003 ,51.8698,-34.9473,4.7011
959,FDS19_DWARF202 ,52.0396,-34.6044,2.72574
960,FDS19_DWARF184 ,52.1155,-34.6332,3.3729
961,FDS19_DWARF001 ,51.8251,-34.5265,14.63574
962,FDS16_DWARF190 ,53.549,-35.5236,2.55996
963,FDS16_DWARF253 ,53.584,-35.3624,11.27868
964,FDS16_DWARF280 ,53.751,-35.3224,5.73084
965,FDS16_DWARF283 ,53.525,-35.2769,6.47084
966,FDS16_DWARF328 ,53.5507,-35.2285,4.6207
967,FDS16_DWARF248 ,53.286,-35.3969,6.37822
968,FDS16_DWARF307 ,53.3277,-35.2631,10.2369
969,FDS16_DWARF330 ,53.7728,-35.2184,5.36188
970,FDS16_DWARF329 ,53.74,-35.2235,4.31206
971,FDS16_DWARF346 ,53.7354,-35.1909,9.48692
972,FDS16_DWARF002 ,53.7467,-35.1711,9.81058
973,FDS16_DWARF441 ,53.7426,-35.0427,8.51
974,FDS16_DWARF788b,53.9048,-34.9795,2.82904
975,FDS15_DWARF039 ,54.0011,-34.8781,7.90424
976,FDS15_DWARF085 ,53.9712,-34.8581,3.26058
977,FDS15_DWARF113 ,53.9825,-34.8282,13.8963
978,FDS15_DWARF111 ,53.8915,-34.8047,7.83318
979,FDS15_DWARF132 ,53.6763,-34.7999,4.8148
980,FDS15_DWARF107 ,53.2794,-34.8056,18.923321
981,FDS16_DWARF417 ,52.9485,-35.0514,19.77038
982,FDS16_DWARF486 ,52.8204,-34.9616,6.4767
983,FDS16_DWARF472 ,52.8447,-34.9714,7.10998
984,FDS15_DWARF148 ,53.0559,-34.7502,2.68152
985,FDS15_DWARF223 ,53.5904,-34.5925,6.52074
986,FDS15_DWARF209 ,53.4889,-34.612,9.85016
987,FDS15_DWARF232 ,53.4841,-34.5618,5.12614
988,FDS15_DWARF155 ,53.2787,-34.7407,2.79616
989,FDS15_DWARF292 ,53.3801,-34.4558,9.1037
990,FDS15_DWARF369 ,53.4811,-34.3467,4.7755
991,FDS10_DWARF463 ,54.0456,-34.842,5.60392
992,FDS10_DWARF117 ,54.1744,-34.7115,4.89854
993,FDS10_DWARF098 ,54.284,-34.7312,4.64986
994,FDS10_DWARF130 ,54.3358,-34.6871,2.72882
995,FDS10_DWARF143 ,54.4249,-34.6377,8.33944
996,FDS10_DWARF180 ,54.3939,-34.5664,4.51588
997,FDS10_DWARF150 ,54.2697,-34.6037,20.52318
998,FDS15_DWARF213a,53.9881,-34.6318,5.73924
999,FDS10_DWARF167 ,54.0839,-34.5941,4.37934
1000,FDS10_DWARF200 ,54.4956,-34.5308,5.52712
1001,FDS10_DWARF189 ,54.5382,-34.5188,16.044941
1002,FDS10_DWARF576 ,54.4789,-34.3176,2.72196
1003,FDS10_DWARF326 ,54.7771,-34.2637,3.68082
1004,FDS10_DWARF345 ,54.557,-34.2287,10.80042
1005,FDS10_DWARF315 ,54.3441,-34.2872,5.0702
1006,FDS10_DWARF591a,54.3169,-34.2713,2.46642
1007,FDS10_DWARF302 ,54.2027,-34.2801,11.26452
1008,FDS10_DWARF405 ,54.5904,-34.0289,3.32384
1009,FDS10_DWARF387 ,54.3789,-34.0958,5.96308
1010,FDS10_DWARF397 ,54.386,-34.0553,3.17382
1011,FDS10_DWARF423 ,54.5335,-33.9795,5.54786
1012,FDS9_DWARF007  ,54.4511,-33.9267,2.51058
1013,FDS15_DWARF245 ,53.7531,-34.5356,12.68084
1014,FDS15_DWARF309a,53.7752,-34.4668,6.07112
1015,FDS15_DWARF365 ,53.7237,-34.3608,6.05804
1016,FDS15_DWARF384 ,53.6284,-34.2974,14.72364
1017,FDS10_DWARF359 ,54.1791,-34.159,8.01624
1018,FDS9_DWARF032  ,54.3738,-33.8828,3.66164
1019,FDS9_DWARF112  ,54.1182,-33.7195,2.60676
1020,FDS19_DWARF259 ,52.5615,-34.5122,4.82666
1021,FDS19_DWARF300 ,52.6655,-34.4118,4.89296
1022,FDS15_DWARF673 ,53.2497,-34.3191,3.80528
1023,FDS15_DWARF417 ,53.1987,-34.2387,10.65222
1024,FDS15_DWARF359 ,52.9372,-34.3381,12.34746
1025,FDS19_DWARF380 ,52.6268,-34.2594,10.97024
1026,FDS19_DWARF435 ,52.6189,-34.2039,2.50722
1027,FDS19_DWARF772 ,52.2807,-34.2492,2.07748
1028,FDS14_DWARF067 ,52.808,-33.7701,3.94336
1029,FDS31_DWARF208 ,52.735,-33.5578,17.5301
1030,FDS15_DWARF462 ,53.4534,-34.17,10.63956
1031,FDS14_DWARF011 ,53.5658,-33.9342,4.66426
1032,FDS14_DWARF073 ,53.265,-33.7248,13.25618
1033,FDS14_DWARF144 ,53.3919,-33.5714,13.97248
1034,FDS14_DWARF206 ,53.5851,-33.4281,5.17926
1035,FDS14_DWARF245 ,53.8705,-33.3341,6.90478
1036,FDS14_DWARF140 ,53.1055,-33.6113,2.67696
1037,FDS14_DWARF227 ,53.1634,-33.3411,3.973
1038,FDS14_DWARF257 ,53.5673,-33.2934,4.89294
1039,FDS6_DWARF176  ,56.3012,-35.5709,30.297041
1040,FDS2_DWARF322  ,56.5058,-35.2663,7.07094
1041,FDS6_DWARF385  ,56.2225,-35.2695,3.35594
1042,FDS6_DWARF414  ,56.1368,-35.1959,10.16454
1043,FDS6_DWARF454  ,56.1254,-35.1785,7.91242
1044,FDS2_DWARF445  ,56.7539,-35.0141,4.57702
1045,FDS6_DWARF513  ,56.4497,-35.061,22.50396
1046,FDS1_DWARF014  ,56.472,-34.9357,4.0534
1047,FDS6_DWARF566  ,56.3876,-34.9849,8.27038
1048,FDS1_DWARF145  ,56.6391,-34.6862,14.63374
1049,FDS6_DWARF418  ,55.9156,-35.2163,9.36298
1050,FDS5_DWARF010  ,56.161,-34.9297,2.63428
1051,FDS5_DWARF137  ,56.0728,-34.7758,3.42066
1052,FDS5_DWARF159b ,55.8326,-34.7365,4.05332
1053,FDS5_DWARF180  ,55.8464,-34.6955,12.2926
1054,FDS5_DWARF345  ,56.3786,-34.5056,11.39264
1055,FDS5_DWARF272  ,56.2544,-34.5851,4.03586
1056,FDS1_DWARF083  ,56.8496,-34.7794,6.70016
1057,FDS1_DWARF168  ,56.8204,-34.6326,11.34774
1058,FDS1_DWARF267  ,56.7291,-34.4908,2.00292
1059,FDS1_DWARF671  ,57.3264,-33.9632,3.70158
1060,FDS1_DWARF242  ,56.582,-34.52,2.69198
1061,FDS5_DWARF759  ,56.4602,-34.0847,3.93424
1062,FDS5_DWARF072  ,55.5261,-34.8499,6.5439
1063,FDS5_DWARF140  ,55.6702,-34.762,6.67034
1064,FDS5_DWARF121  ,55.609,-34.7958,16.8176
1065,FDS5_DWARF200  ,55.803,-34.6432,5.81646
1066,FDS5_DWARF306  ,55.5692,-34.5316,4.72652
1067,FDS5_DWARF382  ,55.5659,-34.4557,5.62742
1068,FDS5_DWARF449b ,55.7419,-34.4043,2.41698
1069,FDS5_DWARF784  ,55.8804,-34.0824,3.3259
1070,FDS4_DWARF002  ,55.8444,-33.9388,14.98094
1071,FDS10_DWARF261b,55.2194,-34.4191,2.22462
1072,FDS5_DWARF1217 ,55.35,-34.3015,2.18878
1073,FDS5_DWARF634  ,55.3578,-34.2542,9.61676
1074,FDS5_DWARF608b ,55.2847,-34.2765,1.58054
1075,FDS10_DWARF349 ,55.0196,-34.1676,8.38224
1076,FDS10_DWARF363 ,55.0196,-34.1678,8.2388
1077,FDS4_DWARF000  ,55.6898,-33.9201,12.4544
1078,FDS4_DWARF030  ,55.6134,-33.8708,7.15846
1079,FDS4_DWARF054  ,55.2559,-33.816,5.1531
1080,FDS4_DWARF053  ,55.4392,-33.7915,13.17096
1081,FDS4_DWARF061  ,55.3383,-33.7694,16.64374
1082,FDS4_DWARF098  ,55.5397,-33.696,8.80668
1083,FDS4_DWARF404  ,55.539,-33.6959,8.41828
1084,FDS5_DWARF1413 ,56.0683,-34.0013,2.26666
1085,FDS4_DWARF114  ,56.2525,-33.6611,3.52936
1086,FDS4_DWARF079  ,55.9231,-33.7425,2.95116
1087,FDS9_DWARF024  ,54.6594,-33.8977,2.95952
1088,FDS4_DWARF001  ,55.265,-33.7791,17.03438
1089,FDS4_DWARF182  ,55.4267,-33.4845,16.01026
1090,FDS9_DWARF271  ,55.0787,-33.4216,9.79796
1091,FDS9_DWARF319  ,55.126,-33.3452,4.25684
1092,FDS9_DWARF055  ,54.4875,-33.8316,12.17984
1093,FDS9_DWARF135  ,54.5936,-33.6601,7.36712
1094,FDS9_DWARF209  ,54.7983,-33.5549,7.5686
1095,FDS9_DWARF255  ,54.2072,-33.4609,11.0408
1096,FDS9_DWARF276  ,54.5475,-33.4518,2.79084
1097,FDS9_DWARF350  ,54.3606,-33.2887,7.59052
1098,FDS9_DWARF363  ,54.4855,-33.2723,5.55446
1099,FDS9_DWARF503  ,54.9478,-33.0562,9.3916
1100,FDS9_DWARF492  ,54.9793,-33.0533,6.74842
1101,FDS9_DWARF417  ,54.5465,-33.2011,3.83108
1102,FDS9_DWARF512  ,54.7872,-33.0382,6.61274
1103,FDS4_DWARF337  ,55.9766,-33.0416,10.6408
1104,FDS9_DWARF357  ,54.1385,-33.2762,4.25338
1105,FDS9_DWARF534  ,54.1893,-33.014,7.17572
1106,FDS9_DWARF489  ,54.5125,-33.0868,7.75332
1107,FDS27_DWARF060 ,49.4667,-36.7651,12.5491
1108,FDS19_DWARF167 ,51.5908,-34.6577,5.3525
1109,FDS19_DWARF223 ,51.5605,-34.5537,7.20648
1110,FDS19_DWARF226 ,51.6772,-34.5486,10.79992
1111,FDS19_DWARF304 ,51.7836,-34.3999,8.52266
1112,FDS31_DWARF001 ,51.7259,-33.9458,4.68876
1113,FDS19_DWARF491 ,51.9287,-34.0678,2.50876
1114,FDS31_DWARF024 ,52.2269,-33.9015,5.1258
1115,FDS31_DWARF042 ,52.2166,-33.8463,8.96704
1116,FDS31_DWARF096 ,52.1176,-33.7345,16.061359
1117,FDS31_DWARF135 ,51.9998,-33.6642,6.63602
1118,FDS31_DWARF129 ,52.5423,-33.6931,7.39608
1119,FDS31_DWARF196 ,52.4302,-33.557,24.29994
1120,FDS31_DWARF262 ,52.3715,-33.4517,2.46882
1121,FDS31_DWARF294 ,52.3491,-33.3593,10.75166
1122,FDS31_DWARF194 ,51.9487,-33.5647,9.77824
1123,FDS31_DWARF230 ,51.8204,-33.4861,25.60886
1124,FDS31_DWARF314 ,51.9018,-33.3017,10.2507
1125,FDS31_DWARF318 ,51.9029,-33.3014,9.99534
1126,FDS31_DWARF319 ,51.9019,-33.3023,10.10574
1127,FDS31_DWARF430 ,51.8209,-33.0353,8.2232
1128,FDS14_DWARF271 ,52.8008,-33.2442,8.47854
1129,FDS31_DWARF356 ,52.4843,-33.2242,5.10626
1130,FDS14_DWARF339 ,53.175,-33.0551,14.4158
1131,FDS14_DWARF352 ,53.0095,-32.996,7.13114
