host,ID,ra,dec,re
NGC5457,[MVA2014] DF 4,211.89083,54.71089,28.0
NGC5457,[MVA2014] DF 5,211.1171,55.6167,38.0
NGC5457,[MVA2014] DF 6,212.07792,55.19183,22.0
NGC5457,[MVA2014] DF 7,211.44792,55.13258,20.0
NGC253,NGC247,11.7834,-20.757,
NGC253,dw0047m2623,11.8939,-26.3898,
NGC253,dw0049m2100,12.4537,-21.0167,
NGC253,dw0050m2444,12.5749,-24.7367,
NGC253,dw0055m2309,13.7538,-23.1688,
NGC253,dw0036m2828,9.1273,-28.4701,
NGC628,dw0132p1422,23.2486,14.3736,
NGC628,dw0133p1543,23.4842,15.7314,
NGC628,dw0134p1544,23.5537,15.7463,
NGC628,dw0134p1438,23.6741,14.6444,
NGC628,dw0136p1628,24.0842,16.4701,
NGC628,dw0137p1537,24.3236,15.6329,
NGC628,dw0137p1607,24.4156,16.132,
NGC628,dw0138p1458,24.5024,14.9825,
NGC628,UGC1171,24.9366,15.8993,
NGC628,dw0139p1433,24.9611,14.5563,
NGC628,dw0140p1556,25.0395,15.9394,
NGC628,UGC1176,25.043,15.9054,
NGC628,dw0143p1541,25.9012,15.6937,
NGC628,dw0141p1651,25.4173,16.8721,
NGC891,dw0221p4221,35.301,42.364,
NGC891,UGC1807,35.3058,42.7629,
NGC891,dw0222p4242,35.7298,42.7123,
NGC891,dw0223p4314,35.8921,43.2395,
NGC891,dw0224p4158,36.0968,41.9747,
NGC891,dw0225p4153,36.3192,41.8915,
NGC891,dw0226p4206,36.669,42.1111,
NGC1023,dw0235p3850,38.976,38.8362,
NGC1023,IC239,39.1162,38.969,
NGC1023,dw0237p3855,39.3276,38.9331,
NGC1023,dw0237p3836,39.4144,38.6003,
NGC1023,dw0239p3903,39.8432,39.0554,
NGC1023,UGC2157,40.1044,38.563,
NGC1023,dw0240p3903,40.1544,39.0593,
NGC1023,dw0240p3922,40.1649,39.3792,
NGC1023,dw0241p3904,40.2512,39.0727,
NGC1023,UGC2165,40.3145,38.7441,
NGC1023,dw0238p3805,39.6703,38.0849,
NGC1023,dw0241p3829,40.4758,38.4983,
NGC1023,dw0243p3915,40.979,39.2557,
NGC1291,dw0309m4104,47.3549,-41.0826,
NGC1291,dw0309m4101,47.4093,-41.0312,
NGC1291,dw0310m4000,47.5432,-40.0035,
NGC1291,dw0315m4040,48.7908,-40.6674,
NGC1291,dw0317m4142,49.256,-41.7001,
NGC1291,dw0317m4058,49.3725,-40.9728,
NGC1291,dw0317m4141,49.4083,-41.6962,
NGC1291,dw0318m4101,49.6796,-41.024,
NGC1291,dw0318m4211,49.6961,-42.1993,
NGC1291,dw0319m4126,49.9305,-41.448,
NGC1291,dw0320m4048,50.1412,-40.8048,
NGC1291,dw0321m4159,50.3521,-41.9982,
NGC1291,dw0323m4040,50.8173,-40.6777,
NGC1291,dw0325m4113,51.4098,-41.2304,
NGC1291,dw0312m3955,48.038,-39.9179,
NGC1291,dw0315m4112,48.9422,-41.2017,
NGC1291,dw0316m4207,49.1818,-42.1284,
NGC1291,dw0321m4149,50.4853,-41.8184,
NGC1808,NGC1792,76.3077,-37.979,
NGC1808,dw0506m3739,76.6002,-37.6499,
NGC1808,dw0507m3629,76.7765,-36.4834,
NGC1808,dw0507m3739,76.853,-37.6518,
NGC1808,dw0507m3744,76.9674,-37.7385,
NGC1808,dw0507m3800,76.9808,-38.0125,
NGC1808,dw0508m3818,77.0318,-38.3098,
NGC1808,dw0508m3617,77.1269,-36.2869,
NGC1808,dw0508m3808,77.1369,-38.1405,
NGC1808,NGC1827,77.5208,-36.9611,
NGC1808,dw0502m3845,75.6394,-38.7649,
NGC1808,dw0506m3800,76.5346,-38.0103,
NGC1808,dw0507m3733,76.8724,-37.5541,
NGC1808,dw0510m3717,77.7102,-37.2859,
NGC2683,dw0848p3226,132.166,32.4442,
NGC2683,dw0852p3347,133.2006,33.799,
NGC2683,dw0853p3318,133.3617,33.3052,
NGC2683,dw0855p3336,133.7936,33.6155,
NGC2683,dw0855p3333,133.8454,33.5572,
NGC2683,dw0856p3155,134.108,31.9172,
NGC2683,dw0846p3300,131.5588,32.9974,
NGC2683,dw0846p3348,131.6301,33.8106,
NGC2683,dw0852p3249,133.1987,32.8288,
NGC2683,dw0854p3314,133.5854,33.2493,
NGC2903,dw0929p2213,142.4777,22.2181,
NGC2903,dw0930p1959,142.554,19.9913,
NGC2903,dw0930p2143,142.6666,21.724,
NGC2903,dw0932p1952,143.0991,19.8754,
NGC2903,UGC5086,143.2034,21.4656,
NGC2903,dw0933p2030,143.3069,20.5152,
NGC2903,dw0936p2135,144.0891,21.5993,
M81,M82,148.9683,69.6797,
M81,NGC3077,150.8296,68.7339,
M81,NGC2976,146.8146,67.9164,
M81,IC2574,157.1413,68.4328,
M81,ddo82,157.6524,70.6183,
M81,kdg61,149.2612,68.5917,
M81,BK5N,151.1679,68.2556,
M81,IKN,152.0246,68.3992,
M81,FM1,146.2917,68.765,
M81,kdg64,151.7579,67.8275,
M81,f8d1,146.1962,67.4386,
M81,d1014p68,153.7325,68.7575,
M81,KK77,147.5417,67.5067,
M81,kdg63,151.2804,66.555,
M81,d0958p66,149.7021,66.8497,
M81,ddo78,156.6163,67.6567,
M81,d1028p70,157.1654,70.2336,
M81,d0955p70,148.8067,70.4081,
M81,d1041p70,160.32,70.1508,
M81,HS117,155.355,71.1161,
M81,d0944p71,146.1433,71.4825,
M81,d0926p70,141.6163,70.5067,
M81,HO1,145.1346,71.1864,
M81,d0934p70,143.5154,70.2158,
NGC3115,dw1000m0741,150.0039,-7.6875,
NGC3115,dw1000m0821,150.0436,-8.3574,
NGC3115,dw1000m0831,150.2289,-8.5305,
NGC3115,dw1001m0631,150.3901,-6.5249,
NGC3115,dw1001m0814,150.4092,-8.2487,
NGC3115,dw1002m0818,150.5043,-8.31,
NGC3115,dw1002m0642,150.657,-6.7083,
NGC3115,dw1004m0737,150.9948,-7.6409,
NGC3115,dw1004m0657,151.1572,-6.9585,
NGC3115,dw1005m0744,151.3961,-7.7498,
NGC3115,dw1005m0758,151.4233,-7.9817,
NGC3115,dw1006m0730,151.5528,-7.5001,
NGC3115,dw1006m0732,151.6109,-7.549,
NGC3115,dw1006m0730-n2,151.6404,-7.5096,
NGC3115,dw1007m0835,151.8142,-8.5859,
NGC3115,dw1007m0715,151.8343,-7.2632,
NGC3115,dw1007m0830,151.9464,-8.5042,
NGC3115,dw1006m0630,151.5634,-6.5057,
NGC3115,dw1006m0827,151.6488,-8.4648,
NGC3344,dw1042p2415,160.5916,24.2505,
NGC3344,dw1042p2501,160.6815,25.025,
NGC3344,dw1045p2427,161.3793,24.4657,
NGC3344,dw1038p2501,159.5427,25.0283,
NGC3344,dw1044p2559,161.1198,25.9934,
NGC3344,dw1044p2610,161.1213,26.1782,
NGC3344,dw1045p2606,161.2758,26.1048,
NGC3379,dw1039p1238,159.929,12.6348,
NGC3379,UGC5812,160.2355,12.4728,
NGC3379,dw1042p1220,160.5015,12.3351,
NGC3379,dw1042p1208,160.6431,12.1509,
NGC3379,dw1042p1359,160.6886,13.9905,
NGC3379,dw1043p1410,160.7948,14.1799,
NGC3379,dw1043p1415,160.9572,14.2554,
NGC3379,M95,160.9904,11.7037,
NGC3379,dw1044p1359,161.1075,13.9988,
NGC3379,dw1044p1356,161.1471,13.9396,
NGC3379,dw1044p1351,161.1588,13.8591,
NGC3379,dw1044p1351b,161.1602,13.8557,
NGC3379,dw1044p1154,161.2394,11.9162,
NGC3379,M96,161.6907,11.8199,
NGC3379,NGC3377,161.9264,13.9858,
NGC3379,NGC3384,162.0705,12.6292,
NGC3379,dw1048p1154,162.1039,11.9123,
NGC3379,dw1048p1259,162.2174,12.9954,
NGC3379,dw1048p1407,162.224,14.1245,
NGC3379,UGC5944,162.5791,13.2719,
NGC3379,dw1050p1236,162.6486,12.6093,
NGC3379,NGC3412,162.722,13.4121,
NGC3379,dw1051p1320,162.7563,13.3336,
NGC3379,dw1051p1250,162.8378,12.849,
NGC3379,dw1051p1406,162.8807,14.1149,
NGC3379,dw1052p1102,163.0812,11.0433,
NGC3379,dw1040p1216,160.1211,12.2728,
NGC3379,dw1043p1253,160.9016,12.8988,
NGC3379,dw1043p1207,160.9792,12.1333,
NGC3379,dw1044p1132,161.0306,11.5344,
NGC3379,dw1045p1315,161.2789,13.2652,
NGC3379,dw1046p1342,161.6272,13.7011,
NGC3379,dw1046p1118,161.7075,11.3037,
NGC3379,dw1047p1117,161.7845,11.2853,
NGC3379,dw1047p1145,161.949,11.7622,
NGC3379,dw1048p1121,162.096,11.3523,
NGC3379,dw1049p1121,162.4042,11.3512,
NGC3379,dw1049p1057,162.4172,10.9555,
NGC3379,dw1051p1101,162.7661,11.02,
NGC3379,dw1054p1217,163.7206,12.2967,
NGC3521,dw1104p0004,166.1606,0.0815,
NGC3521,dw1104p0003,166.1676,0.0581,
NGC3521,dw1104p0005,166.1711,0.0936,
NGC3521,dw1105p0006,166.4217,0.1163,
NGC3521,dw1106m0126,166.5313,-1.4476,
NGC3521,dw1106m0052,166.6084,-0.8797,
NGC3521,dw1107m0038,166.776,-0.6338,
NGC3521,dw110m0011,166.8051,-0.1869,
NGC3521,dw1109m0016,167.3283,-0.2771,
NGC3521,dw1110p0037,167.6231,0.6169,
NGC3521,dw1111p0049,167.8493,0.8315,
NGC3521,dw1104p0033,166.2068,0.5506,
NGC3556,dw1119p5543,169.9523,55.7224,
NGC3556,dw1104p5534,166.1661,55.5745,
NGC3556,dw1108p5520,167.2484,55.3412,
NGC3556,dw1109p5447,167.305,54.7856,
NGC3556,dw1110p5429,167.6471,54.4973,
NGC3556,dw1111p5631,167.9472,56.532,
NGC3556,dw1111p5547,167.9859,55.7993,
NGC3556,dw1113p5529,168.2805,55.4926,
NGC3556,dw1113p5541,168.293,55.6886,
NGC3556,dw1113p5644,168.3996,56.7355,
NGC3556,dw1116p5551,169.0317,55.8617,
NGC3556,dw1116p5537,169.1718,55.6168,
NGC3556,dw1122p5515,170.7418,55.262,
NGC3556,dw1123p5602,170.832,56.0487,
NGC3627,NGC3593,168.6539,12.8178,
NGC3627,dw1114p1238,168.6877,12.6477,
NGC3627,dw1117p1305,169.2544,13.0993,
NGC3627,dw1118p1233,169.6759,12.5614,
NGC3627,dw1118p1348,169.7234,13.8054,
NGC3627,NGC3623,169.733,13.0924,
NGC3627,dw1119p1419,169.8029,14.3272,
NGC3627,dw1119p1157,169.8098,11.9524,
NGC3627,dw1119p1417,169.8161,14.2901,
NGC3627,dw1119p1404,169.8397,14.0755,
NGC3627,dw1120p1332,170.0666,13.5488,
NGC3627,NGC3628,170.0707,13.5897,
NGC3627,dw1120p1337,170.2549,13.6072,
NGC3627,dw1121p1326,170.4037,13.4471,
NGC3627,dw1122p1258,170.6002,12.9795,
NGC3627,IC2782,170.7307,13.4413,
NGC3627,dw1123p1342,170.806,13.7141,
NGC3627,IC2787,170.8296,13.6298,
NGC3627,IC2791,170.9066,12.896,
NGC3627,dw1124p1240,171.1445,12.6743,
NGC3627,dw1114p1307,168.7127,13.1316,
NGC3627,dw1116p1356,169.0325,13.9412,
NGC3627,dw1116p1324,169.0973,13.4101,
NGC3627,dw1117p1250,169.4349,12.8369,
NGC3627,dw1118p1330,169.5661,13.5139,
NGC3627,dw1119p1210,169.8996,12.177,
NGC3627,dw1120p1223,170.2214,12.3918,
NGC3627,dw1121p1129,170.2651,11.487,
NGC3627,dw1121p1411,170.372,14.1967,
NGC3627,dw1123p1346,170.9852,13.7781,
NGC3627,dw1125p1316,171.4794,13.269,
NGC3627,dw1126p1246,171.5894,12.7713,
NGC4258,NGC4248,184.4591,47.4092,
NGC4258,LVJ1218+4655,184.5465,46.9172,
NGC4258,dw1219p4743,184.7757,47.7302,
NGC4258,UGC7356,184.7875,47.0899,
NGC4258,dw1220p4729,185.1256,47.4906,
NGC4258,dw1220p4649,185.2286,46.8302,
NGC4258,dw1223p4739,185.9424,47.6589,
NGC4258,dw1223p4644,185.9542,46.7495,
NGC4517,dw1227p0136,186.9438,1.5998,
NGC4517,dw1231p0140,187.766,1.6758,
NGC4517,dw1232p0015,188.1505,0.2625,
NGC4517,dw1236m0025,189.1755,-0.4305,
NGC4517,dw1238p0028,189.5586,0.4771,
NGC4517,dw1238m0035,189.7051,-0.5978,
NGC4517,dw1238m0105,189.7086,-1.0868,
NGC4517,dw1239m0039,189.7608,-0.6644,
NGC4517,NGC4592,189.8273,-0.5318,
NGC4565,dw1234p2531,188.6007,25.5221,
NGC4565,NGC4562,188.8948,25.8503,
NGC4565,IC3571,189.0835,26.0843,
NGC4565,dw1237p2602,189.2549,26.036,
NGC4565,dw1234p2618,188.7398,26.3141,
NGC4565,dw1235p2616,188.843,26.2706,
NGC4565,dw1236p2634,189.2441,26.5786,
NGC4565,dw1237p2605,189.3618,26.0855,
NGC4565,dw1237p2637,189.4283,26.6243,
M104,dw1237m1125,189.2985,-11.4332,
M104,dw1239m1159,189.7877,-11.9867,
M104,dw1239m1143,189.8136,-11.7189,
M104,dw1239m1113,189.8866,-11.2268,
M104,dw1239m1120,189.9645,-11.3413,
M104,dw1239m1144,189.9787,-11.746,
M104,dw1240m1118,190.0392,-11.3139,
M104,dw1240m1140,190.0733,-11.6793,
M104,dw1241m1131,190.2617,-11.5288,
M104,dw1241m1153,190.3002,-11.8916,
M104,dw1241m1155,190.3281,-11.9254,
M104,dw1238m1122,189.6402,-11.3681,
M104,dw1238m1102,189.7429,-11.036,
M104,dw1242m1116,190.6825,-11.2739,
M104,dw1242m1129,190.7067,-11.4893,
NGC4631,dw1236p3336,189.2059,33.6131,
NGC4631,dw1239p3230,189.7713,32.5046,
NGC4631,dw1239p3251,189.8317,32.8608,
NGC4631,dw1240p3216,190.2209,32.2822,
NGC4631,dw1240p3247,190.2437,32.7904,
NGC4631,dw1241p3251,190.4464,32.8577,
NGC4631,NGC4627,190.4987,32.574,
NGC4631,dw1242p3237,190.5255,32.6219,
NGC4631,dw1242p3158,190.6308,31.9692,
NGC4631,dw1243p3228,190.8534,32.4821,
NGC4631,NGC4656,190.9905,32.1681,
NGC4631,dw1248p3158,192.2187,31.9702,
NGC4631,dw1247p3313,191.9083,33.2331,
NGC4736,dw1231p4205,187.7873,42.0942,
NGC4736,IC3687,190.5626,38.5034,
NGC4736,dw1243p4127,190.9798,41.4575,
NGC4736,dw1243p4339,190.9898,43.6618,
NGC4736,dw1249p4421,192.3797,44.3595,
NGC4736,dw1251p4138,192.7698,41.6353,
NGC4736,dw1255p4035,193.7615,40.5902,
NGC4736,dw1234p3952,188.5929,39.8785,
NGC4736,dw1241p4103,190.254,41.053,
NGC4736,dw1242p4115,190.5471,41.2525,
NGC4736,dw1303p4222,195.8097,42.3733,
NGC4736,dw1305p4206,196.499,42.1062,
NGC4736,dw1308p4054,197.1913,40.901,
NGC4736,dw1311p4051,197.9217,40.863,
NGC4826,UGC7929,191.3366,21.4271,
NGC4826,IC3840,192.9417,21.7349,
NGC4826,dw1252p2215,193.0237,22.2654,
NGC4826,dw1255p1912,193.921,19.2096,
NGC4826,dw1258p2329,194.7139,23.4899,
NGC4826,dw1300p1843,195.1295,18.7177,
NGC4826,IC4107,195.6741,21.9979,
NGC4826,dw1245p2309,191.2591,23.1657,
NGC4826,dw1251p2324,192.8683,23.4009,
NGC5055,dw1310p4153,197.6743,41.8908,
NGC5055,dw1312p4158,198.0772,41.9755,
NGC5055,dw1312p4032,198.2159,40.5432,
NGC5055,UGCA337,198.244,41.7864,
NGC5055,dw1313p4202,198.4161,42.0431,
NGC5055,UGC8313,198.4754,42.2092,
NGC5055,dw1315p4123,198.8158,41.3967,
NGC5055,dw1315p4130,198.8742,41.5022,
NGC5055,dw1321p4226,200.3708,42.4334,
NGC5055,dw1305p4206-n2,196.499,42.1062,
NGC5055,dw1308p4054-n2,197.1913,40.901,
NGC5055,dw1311p4051-n2,197.9217,40.8631,
NGC5055,dw1315p4304,198.7521,43.0849,
NGC5055,dw1323p4058,200.935,40.9728,
CENA,KK189,198.1875,-41.8319,
CENA,ESO269-066,198.2875,-44.89,
CENA,NGC5011C,198.2958,-43.2656,
CENA,KK196,200.4458,-45.0633,
CENA,KK197,200.5042,-42.5356,
CENA,KKS55,200.55,-42.7308,
CENA,CENA-MM-DW4,200.7583,-41.7861,
CENA,dw1323-40b,201.0,-40.8367,
CENA,dw1323-40,201.2421,-40.7622,
CENA,CENA-MM-DW6,201.4875,-41.0942,
CENA,CENA-MM-DW7,201.6167,-43.5567,
CENA,ESO324-024,201.9042,-41.4806,
CENA,KK203,201.8667,-45.3525,
CENA,dw1329-45,202.3121,-45.1767,
CENA,CENA-MM-DW1,202.5583,-41.8933,
CENA,CENA-MM-DW3,202.5875,-42.1925,
CENA,CENA-MM-DW9,203.2542,-42.53,
CENA,CENA-MM-DW8,203.3917,-41.6078,
CENA,dw1336-44,204.2033,-43.8578,
CENA,NGC5237,204.4127,-42.8469,
CENA,KKS57,205.4083,-42.5819,
CENA,dw1341-43,205.4025,-43.8554,
NGC5194,NGC5195,202.4983,47.2661,
NGC5194,dw1330p4731,202.6411,47.5257,
NGC5236,dw1335-29,203.9417,-29.7067,
NGC5236,dw1340-30,205.0792,-30.3597,
NGC5236,KK200,201.15,-30.9717,
NGC5236,IC4247,201.6875,-30.3625,
NGC5236,ESO444-84,204.3333,-28.0442,
NGC5236,IC4316,205.075,-28.8947,
NGC5236,ESO444-78,204.1292,-29.2342,
NGC5236,KK208,204.15,-29.5708,
NGC5236,NGC5264,205.4042,-29.9131,
NGC5236,KK218,206.6667,-29.9781,
NGC5236,HIJ1337-33,204.2542,-33.3631,
NGC5457,dw1350p5441,207.7431,54.6892,
NGC5457,UGC8837,208.6892,53.9043,
NGC5457,UGC8882,209.3112,54.1008,
NGC5457,dw1403p5337,210.7728,53.6147,
NGC5457,dw1403p5356,210.9373,53.9437,
NGC5457,NGC5474,211.2561,53.6617,
NGC5457,dw1406p5344,211.708,53.7413,
NGC5457,dw1408p5419,212.1561,54.3254,
NGC6744,dw1905m6316,286.4831,-63.2721,
NGC6744,dw1906m6357,286.7415,-63.9636,
NGC6744,dw1907m6342,286.8439,-63.7064,
NGC6744,dw1908m6343,287.183,-63.7301,
NGC6744,dw1911m6413,287.8437,-64.2226,
NGC6744,dw1859m6402,284.8605,-64.0396,
NGC6744,dw1901m6315,285.3732,-63.2594,
NGC6744,dw1903m6449,285.843,-64.8277,
NGC6744,dw1903m6405,285.9146,-64.0985,
NGC6744,dw1909m6341,287.2847,-63.6853,
NGC6744,dw1912m6432,288.0953,-64.5419,
NGC0448,MATLAS-1,18.2998,-2.0792,
NGC0448,MATLAS-2,18.3236,-1.1708,
NGC0448,MATLAS-3,18.3396,-1.8231,
NGC0448,MATLAS-4,18.4198,-1.9169,
NGC0448,MATLAS-5,18.6778,-1.0972,
NGC0448,MATLAS-6,18.6875,-1.2415,
NGC0448,MATLAS-7,18.7193,-1.0953,
NGC0448,MATLAS-8,18.7567,-1.4806,
NGC0448,MATLAS-9,18.7782,-1.2741,
NGC0448,MATLAS-10,18.7949,-1.4718,
NGC0448,MATLAS-11,18.7967,-1.1504,
NGC0448,MATLAS-12,18.8185,-1.5824,
NGC0448,MATLAS-13,18.8402,-1.1981,
NGC0448,MATLAS-14,18.9516,-1.3149,
NGC0448,MATLAS-15,18.9577,-1.3915,
NGC0448,MATLAS-16,18.9681,-1.4602,
NGC0448,MATLAS-17,19.1392,-1.8167,
NGC0448,MATLAS-18,19.2337,-2.0258,
NGC0474,MATLAS-19,19.5589,2.9039,
NGC0474,MATLAS-20,19.5843,3.4333,
NGC0474,MATLAS-21,19.5941,3.3277,
NGC0474,MATLAS-22,19.6847,3.4907,
NGC0474,MATLAS-23,19.7116,3.5617,
NGC0474,MATLAS-24,19.848,3.2397,
NGC0474,MATLAS-25,19.8589,3.3597,
NGC0474,MATLAS-26,19.9304,3.2466,
NGC0474,MATLAS-27,20.0623,3.6167,
NGC0474,MATLAS-28,20.119,3.6088,
NGC0474,MATLAS-29,20.1466,3.1456,
NGC0502,MATLAS-30,20.2758,8.6653,
NGC0502,MATLAS-31,20.3402,8.8382,
NGC0502,MATLAS-32,20.3638,9.1801,
NGC0474,MATLAS-33,20.3849,3.6714,
NGC0474,MATLAS-34,20.3962,3.5636,
NGC0474,MATLAS-35,20.4945,3.9712,
NGC0502,MATLAS-36,20.5175,8.9702,
NGC0502,MATLAS-37,20.531,9.1407,
NGC0502,MATLAS-38,20.5753,9.1776,
NGC0502,MATLAS-39,20.5831,9.0089,
NGC0502,MATLAS-40,20.5962,9.0368,
NGC0502,MATLAS-41,20.6222,8.7659,
NGC0502,MATLAS-42,20.626,8.7614,
NGC0502,MATLAS-43,20.6259,8.7853,
NGC0502,MATLAS-44,20.6799,9.4184,
NGC0502,MATLAS-45,20.6999,9.1027,
NGC0525,MATLAS-46,20.7054,9.7262,
NGC0502,MATLAS-47,20.7197,9.1419,
NGC0502,MATLAS-48,20.734,8.6737,
NGC0502,MATLAS-49,20.7644,9.1019,
NGC0502,MATLAS-50,20.7645,9.3516,
NGC0502,MATLAS-51,20.7996,9.2761,
NGC0502,MATLAS-52,20.7998,8.7176,
NGC0502,MATLAS-53,20.8013,8.8922,
NGC0502,MATLAS-54,20.8212,9.3629,
NGC0524,MATLAS-55,20.8342,9.4761,
NGC0502,MATLAS-56,20.8424,9.1637,
NGC0502,MATLAS-57,20.847,9.0136,
NGC0502,MATLAS-58,20.8537,8.9194,
NGC0525,MATLAS-59,20.8548,9.7517,
NGC0502,MATLAS-60,20.8566,8.9779,
NGC0502,MATLAS-61,20.8817,9.2798,
NGC0524,MATLAS-62,20.959,9.4115,
NGC0525,MATLAS-63,20.9594,9.7984,
NGC0502,MATLAS-64,20.9858,9.0735,
NGC0525,MATLAS-65,20.9905,10.1382,
NGC0524,MATLAS-66,21.0339,9.6318,
NGC0525,MATLAS-67,21.0381,9.8522,
NGC0524,MATLAS-68,21.043,9.2823,
NGC0502,MATLAS-69,21.0565,8.5232,
NGC0525,MATLAS-70,21.0623,9.7424,
NGC0525,MATLAS-71,21.0757,9.7595,
NGC0524,MATLAS-72,21.0758,9.4856,
NGC0502,MATLAS-73,21.0794,8.8299,
NGC0525,MATLAS-74,21.0877,9.7005,
NGC0525,MATLAS-75,21.0934,10.0359,
NGC0524,MATLAS-76,21.0949,9.4394,
NGC0524,MATLAS-77,21.1004,9.388,
NGC0502,MATLAS-78,21.1104,8.7518,
NGC0525,MATLAS-79,21.1257,9.8418,
NGC0525,MATLAS-80,21.1332,9.8867,
NGC0502,MATLAS-81,21.1349,8.563,
NGC0524,MATLAS-82,21.1424,9.5758,
NGC0524,MATLAS-83,21.1501,9.4704,
NGC0525,MATLAS-84,21.1514,10.1668,
NGC0525,MATLAS-85,21.1687,9.795,
NGC0525,MATLAS-86,21.1724,9.8724,
NGC0524,MATLAS-87,21.1941,9.1329,
NGC0524,MATLAS-88,21.216,9.1138,
NGC0525,MATLAS-89,21.2179,9.843,
NGC0524,MATLAS-90,21.2233,9.2294,
NGC0524,MATLAS-91,21.2401,9.6221,
NGC0524,MATLAS-92,21.2582,9.3754,
NGC0524,MATLAS-93,21.2836,9.6079,
NGC0524,MATLAS-94,21.2896,9.1832,
NGC0524,MATLAS-95,21.3583,9.623,
NGC0524,MATLAS-96,21.3662,9.5847,
NGC0525,MATLAS-97,21.3665,9.8415,
NGC0525,MATLAS-98,21.3793,9.6573,
NGC0524,MATLAS-99,21.4067,9.2309,
NGC0525,MATLAS-100,21.4236,10.1203,
NGC0524,MATLAS-101,21.4294,9.5553,
NGC0525,MATLAS-102,21.4601,9.6696,
NGC0525,MATLAS-103,21.4671,9.6277,
NGC0525,MATLAS-104,21.5084,9.8939,
NGC0525,MATLAS-105,21.5397,9.62,
NGC0524,MATLAS-106,21.5453,9.5302,
NGC0525,MATLAS-107,21.5852,10.1517,
NGC0525,MATLAS-108,21.7314,9.7682,
NGC0661,MATLAS-109,25.6316,28.1847,
NGC0661,MATLAS-110,25.7293,28.8959,
NGC0661,MATLAS-111,25.7514,28.5441,
NGC0661,MATLAS-112,25.8728,28.7761,
NGC0661,MATLAS-113,25.9086,28.9173,
NGC0661,MATLAS-114,26.1341,28.6065,
NGC0661,MATLAS-115,26.1497,28.6458,
NGC0661,MATLAS-116,26.2854,29.0262,
NGC0661,MATLAS-117,26.3186,28.7146,
NGC0661,MATLAS-118,26.3511,28.375,
NGC0661,MATLAS-119,26.416,28.5031,
NGC0661,MATLAS-120,26.4259,28.7404,
NGC0661,MATLAS-121,26.5425,28.8157,
NGC0680,MATLAS-122,26.9508,22.1426,
NGC0680,MATLAS-123,27.1884,22.1089,
NGC0680,MATLAS-124,27.2047,21.5792,
NGC0680,MATLAS-125,27.2088,22.1143,
NGC0680,MATLAS-126,27.2889,22.0435,
NGC0680,MATLAS-127,27.4368,22.3744,
NGC0680,MATLAS-128,27.4706,22.4427,
NGC0680,MATLAS-129,27.572,22.0363,
NGC0680,MATLAS-130,27.573,22.0601,
NGC0680,MATLAS-131,27.6099,21.9517,
NGC0680,MATLAS-132,27.6409,22.0435,
NGC0680,MATLAS-133,27.6792,21.9318,
NGC0680,MATLAS-134,27.7089,21.482,
NGC0680,MATLAS-135,27.7158,22.0392,
NGC0680,MATLAS-136,27.8001,21.997,
NGC0680,MATLAS-137,27.835,22.2765,
NGC0680,MATLAS-138,27.8987,22.294,
NGC0680,MATLAS-139,27.9342,22.3327,
NGC0680,MATLAS-140,27.9586,22.309,
NGC0770,MATLAS-141,29.4714,18.8628,
NGC0770,MATLAS-142,29.765,19.5476,
NGC0770,MATLAS-143,29.8144,18.4778,
NGC0770,MATLAS-144,29.8322,18.7472,
NGC0770,MATLAS-145,29.8545,19.0941,
NGC0770,MATLAS-146,29.925,19.0219,
NGC0770,MATLAS-147,30.0131,19.2778,
NGC0770,MATLAS-148,30.0411,18.8296,
NGC0770,MATLAS-149,30.0435,19.3647,
NGC0770,MATLAS-150,30.1818,19.3897,
NGC0770,MATLAS-151,30.1832,19.1669,
NGC0770,MATLAS-152,30.2469,18.6122,
NGC0821,MATLAS-153,31.5609,10.8713,
NGC0821,MATLAS-154,31.7166,10.9491,
NGC0821,MATLAS-155,31.8681,10.9775,
NGC0821,MATLAS-156,31.9753,11.3128,
NGC0936,MATLAS-157,36.5367,-1.5211,
NGC0936,MATLAS-158,36.5494,-0.6509,
NGC0936,MATLAS-159,36.574,-1.4196,
NGC0936,MATLAS-160,36.6042,-0.7419,
NGC0936,MATLAS-161,36.6135,-0.8365,
NGC0936,MATLAS-162,36.7392,-1.3767,
NGC0936,MATLAS-163,36.8022,-1.2106,
NGC0936,MATLAS-164,36.8375,-0.8687,
NGC0936,MATLAS-165,36.8495,-0.9639,
NGC0936,MATLAS-166,36.8802,-0.6398,
NGC0936,MATLAS-167,36.887,-1.2303,
NGC0936,MATLAS-168,37.0169,-1.4552,
NGC0936,MATLAS-169,37.0782,-0.6076,
NGC0936,MATLAS-170,37.0925,-1.5871,
NGC0936,MATLAS-171,37.1145,-1.6418,
NGC0936,MATLAS-172,37.1537,-0.6455,
NGC0936,MATLAS-173,37.1547,-1.5092,
NGC0936,MATLAS-174,37.162,-1.5942,
NGC0936,MATLAS-175,37.1947,-1.2031,
NGC0936,MATLAS-176,37.203,-0.7042,
NGC0936,MATLAS-177,37.2057,-1.3041,
NGC0936,MATLAS-178,37.2157,-0.869,
NGC0936,MATLAS-179,37.2419,-1.6351,
NGC0936,MATLAS-180,37.2446,-0.7574,
NGC0936,MATLAS-181,37.2487,-0.8538,
NGC0936,MATLAS-182,37.3618,-1.6749,
NGC0936,MATLAS-183,37.397,-0.8071,
NGC1023,MATLAS-184,39.4968,38.6032,
NGC1023,MATLAS-185,39.5181,39.5408,
NGC1023,MATLAS-186,39.5699,38.9476,
NGC1023,MATLAS-187,39.6238,39.0956,
NGC1023,MATLAS-188,39.8297,38.7783,
NGC1023,MATLAS-189,39.8321,39.4336,
NGC1023,MATLAS-190,39.8428,39.1728,
NGC1023,MATLAS-191,39.9458,39.0473,
NGC1023,MATLAS-192,40.0306,38.7489,
NGC1023,MATLAS-193,40.0866,38.7827,
NGC1023,MATLAS-194,40.1375,38.9004,
NGC1023,MATLAS-195,40.3169,39.3967,
NGC1023,MATLAS-196,40.3351,38.8675,
NGC1023,MATLAS-197,40.4351,39.5816,
NGC1023,MATLAS-198,40.5562,39.589,
NGC1023,MATLAS-199,40.6023,38.6349,
NGC1023,MATLAS-200,40.6178,38.9978,
NGC1023,MATLAS-201,40.7306,38.8827,
NGC1121,MATLAS-202,42.2231,-2.1181,
NGC1121,MATLAS-203,42.2498,-1.7697,
NGC1121,MATLAS-204,42.2791,-1.7026,
NGC1121,MATLAS-205,42.3268,-1.5714,
NGC1121,MATLAS-206,42.3422,-1.1928,
NGC1121,MATLAS-207,42.4458,-1.1774,
NGC1121,MATLAS-208,42.4888,-1.6861,
NGC1121,MATLAS-209,42.6639,-2.1377,
NGC1121,MATLAS-210,42.7072,-1.3875,
NGC1121,MATLAS-211,42.7253,-1.3389,
NGC1121,MATLAS-212,42.7628,-2.0831,
NGC1121,MATLAS-213,42.795,-1.5975,
NGC1121,MATLAS-214,42.8154,-1.6244,
NGC1121,MATLAS-215,42.9109,-1.9258,
NGC1121,MATLAS-216,42.9472,-1.9189,
NGC1121,MATLAS-217,42.9484,-1.7024,
NGC1121,MATLAS-218,42.9988,-1.1746,
NGC1121,MATLAS-219,43.0213,-1.8297,
NGC1121,MATLAS-220,43.0945,-1.5035,
NGC1121,MATLAS-221,43.1604,-1.1551,
NGC1121,MATLAS-222,43.1665,-1.1599,
NGC1121,MATLAS-223,43.179,-1.3266,
NGC1222,MATLAS-224,46.763,-2.5011,
NGC1222,MATLAS-225,46.9859,-3.4787,
NGC1222,MATLAS-226,46.9865,-2.7286,
NGC1222,MATLAS-227,47.0095,-2.9522,
NGC1222,MATLAS-228,47.035,-3.1263,
NGC1222,MATLAS-229,47.046,-3.3169,
NGC1222,MATLAS-230,47.0567,-3.1629,
NGC1222,MATLAS-231,47.0589,-3.159,
NGC1222,MATLAS-232,47.0772,-3.4876,
NGC1222,MATLAS-233,47.118,-2.9005,
NGC1222,MATLAS-234,47.122,-3.3795,
NGC1222,MATLAS-235,47.1459,-3.4356,
NGC1222,MATLAS-236,47.1537,-2.8142,
NGC1222,MATLAS-237,47.1771,-3.3765,
NGC1222,MATLAS-238,47.1879,-2.5518,
NGC1222,MATLAS-239,47.2718,-2.851,
NGC1222,MATLAS-240,47.2875,-2.9251,
NGC1222,MATLAS-241,47.3255,-3.2334,
NGC1222,MATLAS-242,47.3356,-3.4439,
NGC1222,MATLAS-243,47.3898,-3.3435,
NGC1222,MATLAS-244,47.4304,-2.3704,
NGC1222,MATLAS-245,47.4745,-2.452,
NGC1222,MATLAS-246,47.4778,-2.6788,
NGC1222,MATLAS-247,47.5761,-2.4325,
NGC1222,MATLAS-248,47.6031,-3.392,
NGC1222,MATLAS-249,47.6317,-2.5239,
NGC1222,MATLAS-250,47.6586,-2.6199,
NGC1222,MATLAS-251,47.6718,-2.5654,
NGC1222,MATLAS-252,47.6931,-3.0933,
NGC1222,MATLAS-253,47.7249,-2.7254,
NGC1222,MATLAS-254,47.7281,-2.5939,
NGC1222,MATLAS-255,47.7285,-2.5026,
NGC1222,MATLAS-256,47.7353,-2.6138,
NGC1222,MATLAS-257,47.7439,-2.5877,
NGC1222,MATLAS-258,47.7466,-2.6701,
NGC1248,MATLAS-259,47.7804,-5.1398,
NGC1248,MATLAS-260,47.8938,-4.9253,
NGC1248,MATLAS-261,47.9684,-5.5804,
NGC1248,MATLAS-262,47.9769,-4.8931,
NGC1248,MATLAS-263,47.9838,-5.1792,
NGC1248,MATLAS-264,48.3326,-5.5547,
NGC1248,MATLAS-265,48.3369,-4.8584,
NGC1248,MATLAS-266,48.4587,-5.2802,
NGC1248,MATLAS-267,48.4757,-5.7275,
NGC1266,MATLAS-268,48.5286,-2.6354,
NGC1266,MATLAS-269,48.6046,-2.9236,
NGC1266,MATLAS-270,48.6153,-2.853,
NGC1266,MATLAS-271,48.6505,-2.0727,
NGC1266,MATLAS-272,48.9049,-1.9127,
NGC1266,MATLAS-273,48.9098,-2.9508,
NGC1266,MATLAS-274,48.9342,-2.038,
NGC1266,MATLAS-275,48.9579,-2.6336,
NGC1266,MATLAS-276,49.004,-2.1581,
NGC1266,MATLAS-277,49.0345,-2.3053,
NGC1289,MATLAS-278,49.2056,-1.8737,
NGC1266,MATLAS-279,49.2192,-2.8516,
NGC1266,MATLAS-280,49.2201,-2.0723,
NGC1289,MATLAS-281,49.2505,-1.7089,
NGC1266,MATLAS-282,49.256,-2.03,
NGC1289,MATLAS-283,49.2994,-1.536,
NGC1289,MATLAS-284,49.3195,-1.8777,
NGC1289,MATLAS-285,49.3879,-1.9985,
NGC1289,MATLAS-286,49.4247,-1.7771,
NGC1289,MATLAS-287,49.4458,-1.7518,
NGC1289,MATLAS-288,49.4584,-1.8984,
NGC1289,MATLAS-289,49.4821,-1.6688,
NGC1289,MATLAS-290,49.5108,-1.6533,
NGC1289,MATLAS-291,49.5189,-1.7532,
NGC1289,MATLAS-292,49.5301,-2.4138,
NGC1289,MATLAS-293,49.6913,-1.6598,
NGC1289,MATLAS-294,49.7032,-1.7793,
NGC1289,MATLAS-295,49.7083,-1.6296,
NGC1289,MATLAS-296,49.809,-1.715,
NGC1289,MATLAS-297,49.8175,-2.0236,
NGC1289,MATLAS-298,49.8818,-2.2922,
NGC1289,MATLAS-299,49.8991,-2.1396,
NGC1289,MATLAS-300,49.952,-2.3088,
NGC1289,MATLAS-301,49.9624,-2.3299,
NGC1289,MATLAS-302,50.0002,-1.9627,
NGC1289,MATLAS-303,50.0618,-1.7127,
NGC1289,MATLAS-304,50.0773,-2.1344,
NGC1289,MATLAS-305,50.0939,-1.4343,
NGC1289,MATLAS-306,50.105,-2.4782,
NGC1289,MATLAS-307,50.1428,-2.0431,
NGC1289,MATLAS-308,50.1568,-2.1935,
NGC1289,MATLAS-309,50.1639,-2.3096,
NGC1289,MATLAS-310,50.1679,-1.9146,
NGC1289,MATLAS-311,50.2172,-2.0707,
NGC1289,MATLAS-312,50.2249,-1.6312,
NGC1665,MATLAS-313,71.6313,-5.2406,
PGC016060,MATLAS-314,71.8249,-3.9729,
PGC016060,MATLAS-315,71.8287,-3.9094,
NGC1665,MATLAS-316,71.9385,-5.7466,
NGC1665,MATLAS-317,72.0865,-5.0365,
PGC016060,MATLAS-318,72.107,-3.8733,
NGC1665,MATLAS-319,72.1352,-5.1646,
PGC016060,MATLAS-320,72.417,-4.2329,
PGC016060,MATLAS-321,72.461,-3.5938,
NGC1665,MATLAS-322,72.5446,-5.8006,
PGC016060,MATLAS-323,72.6134,-3.6137,
PGC016060,MATLAS-324,72.6729,-3.8295,
UGC03960,MATLAS-325,115.013,23.1273,
UGC03960,MATLAS-326,115.079,23.4816,
UGC03960,MATLAS-327,115.3553,22.8487,
UGC03960,MATLAS-328,115.3694,22.7496,
UGC03960,MATLAS-329,115.4349,23.4162,
UGC03960,MATLAS-330,115.5207,22.6884,
NGC2481,MATLAS-331,118.8555,23.7373,
NGC2481,MATLAS-332,118.8715,23.8933,
NGC2481,MATLAS-333,118.975,23.669,
NGC2481,MATLAS-334,119.0014,24.2887,
NGC2481,MATLAS-335,119.1202,23.9351,
NGC2481,MATLAS-336,119.1212,23.5653,
NGC2481,MATLAS-337,119.197,23.3419,
NGC2481,MATLAS-338,119.351,23.7441,
NGC2481,MATLAS-339,119.3583,23.6024,
NGC2481,MATLAS-340,119.446,23.5518,
NGC2481,MATLAS-341,119.5059,23.8068,
NGC2481,MATLAS-342,119.5476,23.9516,
NGC2481,MATLAS-343,119.571,23.8273,
NGC2481,MATLAS-344,119.8858,23.6082,
NGC2549,MATLAS-345,124.0215,58.1807,
NGC2549,MATLAS-346,124.098,57.2727,
NGC2549,MATLAS-347,124.136,58.1901,
NGC2549,MATLAS-348,124.2205,58.0489,
NGC2549,MATLAS-349,124.443,58.149,
NGC2549,MATLAS-350,124.5221,57.4476,
NGC2549,MATLAS-351,124.552,57.9697,
NGC2549,MATLAS-352,124.5566,57.3898,
NGC2549,MATLAS-353,124.5697,58.0192,
NGC2549,MATLAS-354,124.6103,57.7939,
NGC2549,MATLAS-355,124.667,57.3307,
NGC2549,MATLAS-356,124.7066,57.9889,
NGC2549,MATLAS-357,124.8246,58.3139,
NGC2549,MATLAS-358,124.844,57.9862,
NGC2549,MATLAS-359,124.9989,58.1234,
NGC2549,MATLAS-360,125.077,58.327,
NGC2577,MATLAS-361,125.1898,22.2861,
NGC2577,MATLAS-362,125.196,22.0275,
NGC2577,MATLAS-363,125.244,22.6855,
NGC2577,MATLAS-364,125.2657,22.1646,
NGC2577,MATLAS-365,125.39,22.4683,
NGC2577,MATLAS-366,125.54,22.5731,
NGC2577,MATLAS-367,125.571,22.6091,
NGC2577,MATLAS-368,125.5731,22.9086,
NGC2577,MATLAS-369,125.5962,22.697,
NGC2577,MATLAS-370,125.5955,22.9613,
NGC2577,MATLAS-371,125.6009,22.3747,
NGC2549,MATLAS-372,125.636,57.3251,
NGC2577,MATLAS-373,125.749,22.6716,
NGC2577,MATLAS-374,125.773,22.5747,
NGC2577,MATLAS-375,125.8235,22.8967,
NGC2577,MATLAS-376,125.8322,22.5021,
NGC2577,MATLAS-377,125.8502,22.2669,
NGC2577,MATLAS-378,125.8747,22.7471,
NGC2577,MATLAS-379,125.9,22.4062,
NGC2577,MATLAS-380,125.9206,22.7198,
NGC2577,MATLAS-381,125.9599,22.0602,
NGC2577,MATLAS-382,126.026,22.8058,
NGC2577,MATLAS-383,126.1496,22.1016,
NGC2592,MATLAS-384,126.262,25.8922,
NGC2594,MATLAS-385,126.5891,25.7485,
NGC2592,MATLAS-386,126.66,26.422,
NGC2594,MATLAS-387,126.7255,25.596,
NGC2594,MATLAS-388,126.7582,25.8837,
NGC2592,MATLAS-389,126.7732,26.0997,
NGC2592,MATLAS-390,126.7814,26.1741,
NGC2594,MATLAS-391,126.8164,25.9594,
NGC2592,MATLAS-392,126.817,26.1504,
NGC2592,MATLAS-393,126.829,26.2377,
NGC2592,MATLAS-394,126.8632,26.2431,
NGC2594,MATLAS-395,126.9189,25.6552,
NGC2594,MATLAS-396,126.9207,25.9523,
NGC2594,MATLAS-397,126.9657,25.8222,
NGC2594,MATLAS-398,126.9768,25.6654,
NGC2594,MATLAS-399,126.981,25.9673,
NGC2592,MATLAS-400,127.0581,26.1969,
NGC2594,MATLAS-401,127.0768,25.7887,
NGC2594,MATLAS-402,127.1103,26.0156,
NGC2594,MATLAS-403,127.341,25.8862,
UGC04551,MATLAS-404,130.6585,50.2756,
UGC04551,MATLAS-405,130.7772,50.0784,
UGC04551,MATLAS-406,130.8117,49.8144,
UGC04551,MATLAS-407,130.923,49.846,
UGC04551,MATLAS-408,130.9351,50.0706,
UGC04551,MATLAS-409,130.9356,49.8861,
UGC04551,MATLAS-410,131.0248,50.0998,
UGC04551,MATLAS-411,131.0761,49.7883,
UGC04551,MATLAS-412,131.176,50.0851,
UGC04551,MATLAS-413,131.2741,50.2545,
UGC04551,MATLAS-414,131.304,50.2209,
UGC04551,MATLAS-415,131.388,49.2537,
UGC04551,MATLAS-416,131.508,49.9323,
NGC2679,MATLAS-417,132.8104,30.9013,
NGC2679,MATLAS-418,132.883,30.9677,
NGC2679,MATLAS-419,133.111,30.7267,
NGC2695,MATLAS-420,133.3598,-2.5094,
NGC2695,MATLAS-421,133.372,-2.767,
NGC2695,MATLAS-422,133.451,-3.5133,
NGC2685,MATLAS-423,133.455,58.9445,
NGC2695,MATLAS-424,133.5558,-2.9976,
NGC2685,MATLAS-425,133.594,58.9676,
NGC2695,MATLAS-426,133.6322,-3.1385,
NGC2695,MATLAS-427,133.65,-2.8057,
NGC2695,MATLAS-428,133.6689,-3.109,
NGC2695,MATLAS-429,133.7407,-2.939,
NGC2685,MATLAS-430,133.766,58.2889,
NGC2699,MATLAS-431,133.832,-2.9414,
NGC2685,MATLAS-432,133.8754,58.6882,
NGC2685,MATLAS-433,133.9014,58.5719,
NGC2699,MATLAS-434,133.9285,-3.0635,
NGC2699,MATLAS-435,133.991,-2.803,
NGC2699,MATLAS-436,134.0337,-2.9158,
NGC2699,MATLAS-437,134.0532,-3.4213,
NGC2699,MATLAS-438,134.0753,-2.5617,
NGC2699,MATLAS-439,134.078,-3.1813,
NGC2685,MATLAS-440,134.1487,59.1237,
NGC2699,MATLAS-441,134.1591,-3.607,
NGC2699,MATLAS-442,134.1675,-3.6268,
NGC2699,MATLAS-443,134.1938,-3.2526,
NGC2699,MATLAS-444,134.2092,-2.9154,
NGC2699,MATLAS-445,134.2161,-3.2605,
NGC2685,MATLAS-446,134.2196,58.6731,
NGC2685,MATLAS-447,134.2748,58.5591,
NGC2699,MATLAS-448,134.2757,-3.3425,
NGC2699,MATLAS-449,134.2951,-3.2802,
NGC2685,MATLAS-450,134.417,59.0503,
NGC2685,MATLAS-451,134.438,59.0371,
NGC2699,MATLAS-452,134.471,-3.4851,
NGC2685,MATLAS-453,134.4924,59.0925,
NGC2764,MATLAS-454,136.656,21.2069,
NGC2768,MATLAS-455,136.9426,59.7566,
NGC2768,MATLAS-456,136.9662,59.9242,
NGC2764,MATLAS-457,137.0044,21.8647,
NGC2764,MATLAS-458,137.085,21.4934,
NGC2764,MATLAS-459,137.1791,21.6072,
NGC2768,MATLAS-460,137.249,60.063,
NGC2768,MATLAS-461,137.2678,59.7603,
NGC2778,MATLAS-462,137.607,34.4982,
NGC2768,MATLAS-463,137.6315,60.3875,
NGC2778,MATLAS-464,137.6866,34.5667,
NGC2768,MATLAS-465,137.701,60.0568,
NGC2778,MATLAS-466,137.763,35.2162,
NGC2768,MATLAS-467,137.8062,60.4212,
NGC2778,MATLAS-468,137.927,35.3083,
NGC2778,MATLAS-469,137.9581,35.5427,
NGC2778,MATLAS-470,138.0426,34.7017,
NGC2778,MATLAS-471,138.108,34.8636,
NGC2768,MATLAS-472,138.1239,60.3042,
NGC2778,MATLAS-473,138.1387,35.1922,
NGC2778,MATLAS-474,138.17,34.746,
NGC2768,MATLAS-475,138.1857,59.7319,
NGC2778,MATLAS-476,138.198,35.1593,
NGC2768,MATLAS-477,138.2034,60.3319,
NGC2768,MATLAS-478,138.2168,59.987,
NGC2778,MATLAS-479,138.2197,35.1871,
NGC2768,MATLAS-480,138.251,60.2508,
NGC2778,MATLAS-481,138.2919,35.0479,
NGC2778,MATLAS-482,138.3213,35.5495,
NGC2768,MATLAS-483,138.3451,60.0254,
NGC2778,MATLAS-484,138.446,35.1915,
NGC2778,MATLAS-485,138.485,34.8349,
NGC2778,MATLAS-486,138.5965,34.7226,
NGC2778,MATLAS-487,138.6034,35.4336,
NGC2778,MATLAS-488,138.6215,34.6586,
NGC2778,MATLAS-489,138.6416,35.2037,
NGC2768,MATLAS-490,138.8832,59.8303,
NGC2824,MATLAS-491,139.4191,26.5041,
NGC2824,MATLAS-492,139.7488,26.1163,
NGC2824,MATLAS-493,139.8251,26.4447,
NGC2824,MATLAS-494,139.909,26.8441,
NGC2824,MATLAS-495,140.02,26.1765,
NGC2852,MATLAS-496,140.3246,40.1124,
NGC2852,MATLAS-497,140.3924,40.0885,
NGC2852,MATLAS-498,140.4229,40.1572,
NGC2852,MATLAS-499,140.4358,40.3773,
NGC2852,MATLAS-500,140.5262,40.1194,
NGC2852,MATLAS-501,140.5447,40.3414,
NGC2859,MATLAS-502,140.577,34.5017,
NGC2859,MATLAS-503,140.6645,34.3025,
NGC2859,MATLAS-504,140.6702,34.6966,
NGC2859,MATLAS-505,140.6976,34.8351,
NGC2859,MATLAS-506,140.734,34.7658,
NGC2852,MATLAS-507,140.76,39.8204,
NGC2859,MATLAS-508,140.7893,34.1793,
NGC2852,MATLAS-509,140.8308,40.2327,
NGC2859,MATLAS-510,140.853,34.7881,
NGC2852,MATLAS-511,140.9304,40.1002,
NGC2852,MATLAS-512,140.9418,40.6422,
NGC2859,MATLAS-513,141.0093,34.1657,
NGC2859,MATLAS-514,141.0099,34.6623,
NGC2859,MATLAS-515,141.022,34.6466,
NGC2852,MATLAS-516,141.0333,39.9257,
NGC2859,MATLAS-517,141.0711,34.6907,
NGC2852,MATLAS-518,141.0934,40.2972,
NGC2852,MATLAS-519,141.096,40.091,
NGC2852,MATLAS-520,141.097,40.3811,
NGC2859,MATLAS-521,141.1063,34.5474,
NGC2852,MATLAS-522,141.125,40.0027,
NGC2859,MATLAS-523,141.3129,34.278,
NGC2859,MATLAS-524,141.3543,34.3992,
NGC2859,MATLAS-525,141.377,34.572,
NGC2859,MATLAS-526,141.415,34.8874,
NGC2859,MATLAS-527,141.484,34.0937,
NGC2859,MATLAS-528,141.509,34.0324,
NGC2880,MATLAS-529,141.5619,62.7881,
NGC2880,MATLAS-530,142.1019,62.5537,
NGC2880,MATLAS-531,142.1614,62.414,
NGC2880,MATLAS-532,142.2871,61.9755,
NGC2880,MATLAS-533,142.366,62.5123,
NGC2880,MATLAS-534,142.5511,62.5155,
NGC2880,MATLAS-535,142.7398,61.9603,
NGC2880,MATLAS-536,142.786,62.4536,
NGC2880,MATLAS-537,143.12,62.4058,
NGC2880,MATLAS-538,143.1963,62.2968,
NGC2962,MATLAS-539,144.9239,5.1556,
NGC2950,MATLAS-540,145.008,58.5354,
NGC2962,MATLAS-541,145.088,4.7354,
NGC2962,MATLAS-542,145.0995,5.1587,
NGC2962,MATLAS-543,145.1041,5.4696,
NGC2962,MATLAS-544,145.1226,5.2314,
NGC2962,MATLAS-545,145.156,5.1769,
NGC2962,MATLAS-546,145.234,5.044,
NGC2962,MATLAS-547,145.2496,5.2421,
NGC2950,MATLAS-548,145.2689,58.4219,
NGC2974,MATLAS-549,145.2786,-3.4218,
NGC2974,MATLAS-550,145.311,-3.431,
NGC2962,MATLAS-551,145.3115,5.3975,
NGC2974,MATLAS-552,145.3268,-4.1527,
NGC2974,MATLAS-553,145.4222,-3.7319,
NGC2974,MATLAS-554,145.4454,-3.6552,
NGC2974,MATLAS-555,145.4618,-3.7863,
NGC2950,MATLAS-556,145.5148,59.0431,
NGC2974,MATLAS-557,145.5466,-3.7082,
NGC2974,MATLAS-558,145.5932,-4.1309,
NGC2950,MATLAS-559,145.6676,58.9131,
NGC2974,MATLAS-560,145.696,-3.6624,
NGC2962,MATLAS-561,145.712,4.8897,
NGC2974,MATLAS-562,145.7694,-3.7309,
NGC2974,MATLAS-563,145.8124,-3.7145,
NGC2974,MATLAS-564,145.8438,-3.1588,
NGC2950,MATLAS-565,145.846,58.5246,
IC0560,MATLAS-566,145.973,0.2045,
NGC2974,MATLAS-567,145.9793,-3.1538,
NGC2950,MATLAS-568,145.983,58.6887,
NGC2974,MATLAS-569,146.017,-3.4501,
IC0560,MATLAS-570,146.0454,0.1801,
IC0560,MATLAS-571,146.051,-0.5265,
IC0560,MATLAS-572,146.0654,0.2154,
NGC2974,MATLAS-573,146.0772,-3.8955,
NGC2974,MATLAS-574,146.115,-3.3048,
IC0560,MATLAS-575,146.1236,-0.2625,
IC0560,MATLAS-576,146.191,-0.2418,
IC0560,MATLAS-577,146.193,-0.688,
IC0560,MATLAS-578,146.21,0.1444,
IC0560,MATLAS-579,146.2528,0.1797,
IC0560,MATLAS-580,146.323,-0.0299,
IC0560,MATLAS-581,146.343,0.196,
IC0560,MATLAS-582,146.3835,-0.1228,
IC0560,MATLAS-583,146.3961,-0.1491,
IC0560,MATLAS-584,146.405,-0.2238,
IC0560,MATLAS-585,146.4547,-0.5469,
NGC2950,MATLAS-586,146.4623,58.9937,
IC0560,MATLAS-587,146.5034,-0.322,
IC0560,MATLAS-588,146.5096,-0.2478,
IC0560,MATLAS-589,146.602,-0.0424,
IC0560,MATLAS-590,146.6798,-0.37,
IC0560,MATLAS-591,146.752,-0.2125,
IC0560,MATLAS-592,146.9701,0.005,
NGC3032,MATLAS-593,147.6358,28.7874,
NGC3032,MATLAS-594,147.7631,29.7794,
NGC3032,MATLAS-595,148.176,29.3618,
NGC3032,MATLAS-596,148.183,29.3482,
NGC3032,MATLAS-597,148.239,29.3117,
PGC028887,MATLAS-598,149.4492,11.9483,
NGC3073,MATLAS-599,149.457,55.4059,
PGC028887,MATLAS-600,149.5579,11.5116,
PGC028887,MATLAS-601,149.59,11.3289,
PGC028887,MATLAS-602,149.666,11.4196,
PGC028887,MATLAS-603,149.7158,11.3743,
NGC3073,MATLAS-604,149.7445,55.8829,
PGC028887,MATLAS-605,149.8338,12.1781,
PGC028887,MATLAS-606,149.8506,11.8783,
PGC028887,MATLAS-607,149.901,11.7743,
PGC028887,MATLAS-608,149.93,11.6949,
PGC028887,MATLAS-609,149.942,11.6614,
NGC3073,MATLAS-610,149.944,55.8862,
PGC028887,MATLAS-611,149.9641,12.0568,
PGC028887,MATLAS-612,149.969,11.6454,
PGC028887,MATLAS-613,149.978,11.6654,
NGC3098,MATLAS-614,150.21,24.6096,
UGC05408,MATLAS-615,150.34,59.4016,
NGC3098,MATLAS-616,150.356,24.8176,
PGC028887,MATLAS-617,150.3973,11.3543,
NGC3098,MATLAS-618,150.4384,24.2727,
NGC3073,MATLAS-619,150.4618,55.793,
NGC3098,MATLAS-620,150.539,24.9818,
UGC05408,MATLAS-621,150.596,59.7429,
NGC3073,MATLAS-622,150.689,55.6484,
NGC3073,MATLAS-623,150.695,56.1317,
NGC3098,MATLAS-624,150.707,24.7457,
NGC3073,MATLAS-625,150.8899,55.61,
NGC3098,MATLAS-626,150.9508,24.9718,
UGC05408,MATLAS-627,151.0644,59.0414,
NGC3073,MATLAS-628,151.112,55.22,
PGC029321,MATLAS-629,151.2723,13.1925,
PGC029321,MATLAS-630,151.449,13.238,
PGC029321,MATLAS-631,151.501,13.0586,
PGC029321,MATLAS-632,151.576,13.188,
PGC029321,MATLAS-633,151.6539,13.1723,
PGC029321,MATLAS-634,151.868,12.4552,
UGC05408,MATLAS-635,151.887,58.9995,
PGC029321,MATLAS-636,151.986,13.5038,
NGC3156,MATLAS-637,152.6733,3.2491,
NGC3156,MATLAS-638,152.759,3.5745,
IC0598,MATLAS-639,152.97,43.4087,
IC0598,MATLAS-640,152.981,43.2143,
NGC3156,MATLAS-641,152.9971,3.3051,
NGC3156,MATLAS-642,153.1371,3.7079,
IC0598,MATLAS-643,153.178,42.9928,
NGC3156,MATLAS-644,153.2047,3.2504,
NGC3156,MATLAS-645,153.3468,3.3098,
NGC3156,MATLAS-646,153.373,3.4487,
NGC3156,MATLAS-647,153.4235,3.5504,
NGC3156,MATLAS-648,153.524,3.348,
NGC3156,MATLAS-649,153.533,3.345,
NGC3156,MATLAS-650,153.5602,3.5852,
NGC3156,MATLAS-651,153.584,3.3952,
NGC3156,MATLAS-652,153.6326,3.367,
IC0598,MATLAS-653,153.765,43.0098,
NGC3193,MATLAS-654,154.323,22.1612,
NGC3193,MATLAS-655,154.3656,21.8273,
NGC3193,MATLAS-656,154.37,21.6,
NGC3193,MATLAS-657,154.3974,21.4017,
NGC3193,MATLAS-658,154.467,22.3337,
NGC3193,MATLAS-659,154.495,21.5875,
NGC3182,MATLAS-660,154.545,58.2218,
NGC3193,MATLAS-661,154.557,22.4216,
NGC3193,MATLAS-662,154.5573,21.7887,
NGC3193,MATLAS-663,154.5626,22.2713,
NGC3182,MATLAS-664,154.571,58.7323,
NGC3193,MATLAS-665,154.5852,21.6005,
NGC3193,MATLAS-666,154.5948,21.3922,
NGC3193,MATLAS-667,154.6383,21.8607,
NGC3193,MATLAS-668,154.65,21.7088,
NGC3193,MATLAS-669,154.6504,21.7517,
NGC3193,MATLAS-670,154.6701,21.3806,
NGC3193,MATLAS-671,154.69,22.3602,
NGC3193,MATLAS-672,154.7146,22.2326,
NGC3193,MATLAS-673,154.721,21.9082,
NGC3193,MATLAS-674,154.7732,21.8198,
NGC3182,MATLAS-675,154.8947,58.4784,
NGC3182,MATLAS-676,154.9184,58.5073,
NGC3182,MATLAS-677,154.928,58.4535,
NGC3182,MATLAS-678,154.9449,58.6357,
NGC3193,MATLAS-679,155.021,21.5511,
NGC3193,MATLAS-680,155.0599,21.7777,
NGC3182,MATLAS-681,155.1517,58.1387,
NGC3230,MATLAS-682,155.5875,12.9975,
NGC3230,MATLAS-683,155.6414,13.0051,
NGC3230,MATLAS-684,155.662,12.8705,
NGC3182,MATLAS-685,155.667,58.0906,
NGC3226,MATLAS-686,155.6774,19.8128,
NGC3230,MATLAS-687,155.715,12.991,
NGC3226,MATLAS-688,155.7211,19.5771,
NGC3230,MATLAS-689,155.7432,12.8991,
NGC3230,MATLAS-690,155.7871,12.9339,
NGC3226,MATLAS-691,155.814,20.178,
NGC3230,MATLAS-692,155.8596,12.5952,
NGC3226,MATLAS-693,155.868,20.0825,
NGC3230,MATLAS-694,155.8712,12.7229,
NGC3230,MATLAS-695,155.8892,12.8971,
NGC3230,MATLAS-696,155.914,12.6238,
NGC3230,MATLAS-697,155.945,12.3758,
NGC3230,MATLAS-698,155.9443,13.1468,
NGC3230,MATLAS-699,155.9592,13.0659,
NGC3230,MATLAS-700,155.9689,12.8909,
NGC3230,MATLAS-701,156.0248,12.8169,
NGC3230,MATLAS-702,156.0833,12.6036,
NGC3230,MATLAS-703,156.1251,12.3263,
NGC3226,MATLAS-704,156.1445,20.0329,
NGC3226,MATLAS-705,156.1748,20.3607,
NGC3226,MATLAS-706,156.1829,19.9542,
NGC3230,MATLAS-707,156.198,12.7878,
NGC3230,MATLAS-708,156.2025,12.6342,
NGC3245,MATLAS-709,156.316,27.9773,
NGC3226,MATLAS-710,156.3168,20.1638,
NGC3245,MATLAS-711,156.3208,28.0336,
NGC3245,MATLAS-712,156.3868,28.7027,
NGC3245,MATLAS-713,156.4045,28.6473,
NGC3245,MATLAS-714,156.414,28.6802,
NGC3245,MATLAS-715,156.4404,28.1317,
NGC3245,MATLAS-716,156.6433,29.0629,
NGC3245,MATLAS-717,156.6751,28.8595,
NGC3248,MATLAS-718,156.691,22.7719,
NGC3245,MATLAS-719,156.734,28.3066,
NGC3248,MATLAS-720,156.808,23.0312,
NGC3245,MATLAS-721,156.812,28.7555,
NGC3248,MATLAS-722,157.0062,23.1531,
NGC3248,MATLAS-723,157.074,23.1075,
NGC3248,MATLAS-724,157.1045,22.9087,
NGC3245,MATLAS-725,157.1271,28.4016,
NGC3245,MATLAS-726,157.1482,28.5842,
NGC3245,MATLAS-727,157.211,28.9329,
NGC3245,MATLAS-728,157.267,28.3655,
NGC3301,MATLAS-729,158.6915,21.5819,
NGC3301,MATLAS-730,158.951,21.605,
NGC3301,MATLAS-731,159.197,21.7036,
NGC3301,MATLAS-732,159.244,21.7029,
NGC3301,MATLAS-733,159.4727,22.1622,
NGC3379,MATLAS-734,161.4611,11.6811,
NGC3377,MATLAS-735,161.4844,14.2275,
NGC3377,MATLAS-736,161.4926,13.5479,
NGC3377,MATLAS-737,161.5098,13.5873,
NGC3384,MATLAS-738,161.5589,12.9608,
NGC3377,MATLAS-739,161.6026,14.0246,
NGC3379,MATLAS-740,161.626,11.7557,
NGC3379,MATLAS-741,161.6721,12.3271,
NGC3384,MATLAS-742,161.674,13.0059,
NGC3377,MATLAS-743,161.6814,13.972,
NGC3384,MATLAS-744,161.7201,12.7422,
NGC3384,MATLAS-745,161.7274,12.7887,
NGC3384,MATLAS-746,161.74,12.999,
NGC3377,MATLAS-747,161.7504,13.7417,
NGC3384,MATLAS-748,161.752,12.9605,
NGC3379,MATLAS-749,161.7748,11.8779,
NGC3379,MATLAS-750,161.7982,11.76,
NGC3384,MATLAS-751,161.806,12.8024,
NGC3377,MATLAS-752,161.865,13.8897,
NGC3379,MATLAS-753,161.919,12.0489,
NGC3384,MATLAS-754,161.926,12.9753,
NGC3379,MATLAS-755,161.935,12.1138,
NGC3379,MATLAS-756,162.0544,11.9686,
NGC3377,MATLAS-757,162.1187,14.3578,
NGC3384,MATLAS-758,162.149,13.06,
NGC3377,MATLAS-759,162.165,14.0735,
NGC3377,MATLAS-760,162.185,13.8469,
NGC3377,MATLAS-761,162.2273,14.0275,
NGC3414,MATLAS-762,162.2645,27.6488,
NGC3414,MATLAS-763,162.2637,28.5298,
NGC3379,MATLAS-764,162.2664,11.9834,
NGC3414,MATLAS-765,162.2892,27.6132,
NGC3384,MATLAS-766,162.2975,12.7927,
NGC3377,MATLAS-767,162.314,14.0451,
NGC3379,MATLAS-768,162.321,12.4223,
NGC3384,MATLAS-769,162.321,13.1962,
NGC3379,MATLAS-770,162.356,12.0261,
NGC3379,MATLAS-771,162.3579,12.5525,
NGC3377,MATLAS-772,162.3983,14.0709,
NGC3414,MATLAS-773,162.4142,27.7724,
NGC3379,MATLAS-774,162.4172,12.2874,
NGC3414,MATLAS-775,162.4411,27.6351,
NGC3379,MATLAS-776,162.4788,11.7808,
NGC3414,MATLAS-777,162.483,28.2361,
NGC3414,MATLAS-778,162.5051,28.235,
NGC3412,MATLAS-779,162.5145,13.8888,
NGC3412,MATLAS-780,162.5376,13.484,
NGC3414,MATLAS-781,162.5655,28.2471,
NGC3412,MATLAS-782,162.5845,13.8966,
NGC3379,MATLAS-783,162.6003,12.2184,
NGC3379,MATLAS-784,162.6135,12.3598,
NGC3414,MATLAS-785,162.706,28.0583,
NGC3412,MATLAS-786,162.722,12.9304,
NGC3414,MATLAS-787,162.726,28.4098,
NGC3412,MATLAS-788,162.746,13.9929,
NGC3414,MATLAS-789,162.7864,28.0428,
NGC3414,MATLAS-790,162.8734,28.0201,
NGC3414,MATLAS-791,162.8981,28.2542,
NGC3414,MATLAS-792,162.9047,27.8221,
NGC3414,MATLAS-793,162.9341,28.1567,
NGC3412,MATLAS-794,162.945,13.9766,
NGC3414,MATLAS-795,162.9551,27.9658,
NGC3414,MATLAS-796,162.959,28.3632,
NGC3412,MATLAS-797,162.9739,13.1695,
NGC3414,MATLAS-798,162.9956,28.15,
NGC3414,MATLAS-799,162.998,28.3601,
NGC3414,MATLAS-800,163.0014,27.7593,
NGC3414,MATLAS-801,163.0587,27.6234,
NGC3457,MATLAS-802,163.089,17.9353,
NGC3457,MATLAS-803,163.09,17.1189,
NGC3457,MATLAS-804,163.146,17.1448,
NGC3458,MATLAS-805,163.19,57.5914,
NGC3414,MATLAS-806,163.2159,28.2924,
NGC3414,MATLAS-807,163.262,28.1556,
NGC3414,MATLAS-808,163.2992,28.0493,
NGC3457,MATLAS-809,163.311,17.8415,
NGC3458,MATLAS-810,163.3195,56.9606,
NGC3414,MATLAS-811,163.3546,27.7357,
NGC3458,MATLAS-812,163.4685,57.1003,
NGC3457,MATLAS-813,163.5412,17.0644,
NGC3457,MATLAS-814,163.5582,18.0239,
NGC3457,MATLAS-815,163.5777,17.3286,
NGC3458,MATLAS-816,163.587,57.0618,
NGC3458,MATLAS-817,163.7028,57.1949,
NGC3457,MATLAS-818,163.7208,17.6705,
NGC3458,MATLAS-819,163.723,57.367,
NGC3457,MATLAS-820,163.7387,17.4823,
NGC3457,MATLAS-821,163.7416,17.57,
NGC3457,MATLAS-822,163.748,17.6264,
NGC3457,MATLAS-823,163.7587,17.4891,
NGC3457,MATLAS-824,163.777,17.4623,
NGC3458,MATLAS-825,163.7916,56.7258,
NGC3457,MATLAS-826,164.083,17.0852,
UGC06062,MATLAS-827,164.1918,9.4379,
UGC06062,MATLAS-828,164.192,8.9877,
UGC06062,MATLAS-829,164.2337,9.499,
NGC3458,MATLAS-830,164.2693,56.9697,
UGC06062,MATLAS-831,164.364,9.1747,
UGC06062,MATLAS-832,164.3925,9.2148,
NGC3458,MATLAS-833,164.415,56.8865,
UGC06062,MATLAS-834,164.5683,9.1429,
NGC3489,MATLAS-835,164.6885,14.3624,
NGC3458,MATLAS-836,164.716,57.2552,
NGC3489,MATLAS-837,164.7174,14.13,
UGC06062,MATLAS-838,164.759,9.042,
UGC06062,MATLAS-839,164.815,9.0001,
UGC06062,MATLAS-840,164.856,8.6086,
UGC06062,MATLAS-841,164.906,9.2805,
UGC06062,MATLAS-842,164.937,8.9039,
NGC3489,MATLAS-843,165.019,14.0199,
UGC06062,MATLAS-844,165.137,9.2813,
NGC3489,MATLAS-845,165.138,13.4079,
NGC3489,MATLAS-846,165.188,14.1727,
NGC3489,MATLAS-847,165.2163,13.8815,
NGC3522,MATLAS-848,166.764,20.2954,
UGC06176,MATLAS-849,166.7847,21.5894,
NGC3522,MATLAS-850,166.821,20.6414,
NGC3522,MATLAS-851,167.0797,20.0461,
NGC3530,MATLAS-852,167.1023,57.4778,
UGC06176,MATLAS-853,167.2998,21.835,
UGC06176,MATLAS-854,167.317,21.7778,
NGC3530,MATLAS-855,167.5118,57.3534,
NGC3530,MATLAS-856,167.6809,57.4756,
NGC3530,MATLAS-857,167.726,57.6354,
IC0676,MATLAS-858,167.7276,9.4423,
NGC3530,MATLAS-859,167.788,57.1225,
NGC3530,MATLAS-860,167.865,57.3458,
IC0676,MATLAS-861,168.1628,8.675,
IC0676,MATLAS-862,168.2508,8.8714,
IC0676,MATLAS-863,168.256,9.145,
IC0676,MATLAS-864,168.263,9.2276,
IC0676,MATLAS-865,168.3185,9.6507,
NGC3599,MATLAS-866,168.4402,18.3893,
IC0676,MATLAS-867,168.5331,9.5976,
NGC3599,MATLAS-868,168.591,18.2327,
NGC3599,MATLAS-869,168.5939,18.0443,
NGC3599,MATLAS-870,168.605,17.761,
NGC3599,MATLAS-871,168.6116,18.3762,
NGC3599,MATLAS-872,168.6181,18.2677,
NGC3599,MATLAS-873,168.726,18.3187,
NGC3599,MATLAS-874,168.7698,18.0869,
NGC3599,MATLAS-875,168.7795,17.972,
NGC3599,MATLAS-876,168.8518,17.9438,
NGC3610,MATLAS-877,168.889,58.4781,
NGC3599,MATLAS-878,168.8986,18.4231,
NGC3599,MATLAS-879,168.9013,18.0185,
NGC3599,MATLAS-880,168.917,17.6567,
NGC3599,MATLAS-881,168.9506,18.0788,
NGC3619,MATLAS-882,168.9552,57.7608,
NGC3599,MATLAS-883,168.9689,17.9024,
NGC3610,MATLAS-884,168.979,58.3302,
NGC3599,MATLAS-885,168.9895,17.9406,
NGC3599,MATLAS-886,169.0472,17.9509,
NGC3599,MATLAS-887,169.0775,18.5955,
NGC3599,MATLAS-888,169.12,18.1935,
NGC3599,MATLAS-889,169.1257,18.3249,
NGC3619,MATLAS-890,169.1469,58.173,
NGC3619,MATLAS-891,169.1564,58.1981,
NGC3619,MATLAS-892,169.1679,58.056,
NGC3599,MATLAS-893,169.173,17.8915,
NGC3610,MATLAS-894,169.215,59.2048,
NGC3610,MATLAS-895,169.2245,59.1328,
NGC3619,MATLAS-896,169.2421,57.717,
NGC3619,MATLAS-897,169.2567,58.1991,
NGC3599,MATLAS-898,169.257,18.3027,
NGC3599,MATLAS-899,169.3247,18.4151,
NGC3599,MATLAS-900,169.3399,18.3234,
NGC3599,MATLAS-901,169.3438,17.9982,
NGC3619,MATLAS-902,169.3563,58.2427,
NGC3599,MATLAS-903,169.3878,18.3062,
NGC3619,MATLAS-904,169.4012,57.6401,
NGC3599,MATLAS-905,169.4017,18.5839,
NGC3619,MATLAS-906,169.4046,57.9684,
NGC3599,MATLAS-907,169.409,18.3594,
NGC3619,MATLAS-908,169.416,58.1056,
NGC3619,MATLAS-909,169.4192,58.0648,
NGC3619,MATLAS-910,169.4308,58.0079,
NGC3610,MATLAS-911,169.4393,58.8395,
NGC3599,MATLAS-912,169.4489,18.2508,
NGC3599,MATLAS-913,169.4852,17.6239,
NGC3610,MATLAS-914,169.5147,58.7473,
NGC3619,MATLAS-915,169.5344,57.9465,
NGC3610,MATLAS-916,169.5463,58.6457,
NGC3610,MATLAS-917,169.572,58.3062,
NGC3619,MATLAS-918,169.5961,57.934,
NGC3626,MATLAS-919,169.6366,18.4623,
NGC3619,MATLAS-920,169.662,58.0401,
NGC3626,MATLAS-921,169.701,18.1229,
NGC3619,MATLAS-922,169.7234,57.7722,
NGC3619,MATLAS-923,169.7349,57.3086,
NGC3619,MATLAS-924,169.7603,58.0847,
NGC3619,MATLAS-925,169.7779,57.9582,
NGC3626,MATLAS-926,169.8076,18.0974,
NGC3640,MATLAS-927,169.8152,3.0066,
NGC3640,MATLAS-928,169.8325,2.7918,
NGC3640,MATLAS-929,169.8474,3.069,
NGC3619,MATLAS-930,169.8699,57.6693,
NGC3640,MATLAS-931,169.888,3.0156,
NGC3619,MATLAS-932,169.9025,58.0447,
NGC3610,MATLAS-933,169.9088,58.9787,
NGC3619,MATLAS-934,169.912,58.1534,
NGC3640,MATLAS-935,169.913,2.8437,
NGC3610,MATLAS-936,169.931,58.602,
NGC3640,MATLAS-937,169.9346,3.4373,
NGC3626,MATLAS-938,169.9359,18.6891,
NGC3640,MATLAS-939,169.9646,3.6532,
NGC3619,MATLAS-940,170.0021,57.8277,
NGC3619,MATLAS-941,170.0015,57.8447,
NGC3626,MATLAS-942,170.003,18.2605,
NGC3648,MATLAS-943,170.015,40.0285,
NGC3626,MATLAS-944,170.0148,18.0514,
NGC3619,MATLAS-945,170.0183,58.0472,
NGC3626,MATLAS-946,170.0327,18.3008,
NGC3610,MATLAS-947,170.065,58.8915,
NGC3619,MATLAS-948,170.0736,58.3028,
NGC3619,MATLAS-949,170.089,57.2011,
NGC3626,MATLAS-950,170.0937,18.2244,
NGC3640,MATLAS-951,170.1326,3.2332,
NGC3648,MATLAS-952,170.173,40.0169,
NGC3640,MATLAS-953,170.19,2.988,
NGC3619,MATLAS-954,170.1916,57.4545,
NGC3619,MATLAS-955,170.1979,57.8855,
NGC3640,MATLAS-956,170.2324,3.6069,
NGC3610,MATLAS-957,170.279,58.8828,
NGC3640,MATLAS-958,170.2789,3.469,
NGC3619,MATLAS-959,170.285,58.2586,
NGC3648,MATLAS-960,170.3039,40.3566,
NGC3648,MATLAS-961,170.31,39.8609,
NGC3619,MATLAS-962,170.333,57.7509,
NGC3640,MATLAS-963,170.338,2.8952,
NGC3619,MATLAS-964,170.3696,57.7319,
NGC3658,MATLAS-965,170.372,38.7299,
NGC3619,MATLAS-966,170.376,57.6888,
NGC3648,MATLAS-967,170.403,40.1562,
NGC3619,MATLAS-968,170.422,57.4109,
NGC3640,MATLAS-969,170.4377,2.8253,
NGC3619,MATLAS-970,170.448,57.3467,
NGC3610,MATLAS-971,170.454,58.9093,
NGC3648,MATLAS-972,170.457,40.0016,
NGC3610,MATLAS-973,170.459,58.9443,
NGC3640,MATLAS-974,170.4586,2.9454,
NGC3640,MATLAS-975,170.466,3.4053,
NGC3640,MATLAS-976,170.4675,3.2408,
NGC3626,MATLAS-977,170.4733,18.5027,
NGC3619,MATLAS-978,170.4849,57.4721,
NGC3640,MATLAS-979,170.4971,3.4957,
NGC3619,MATLAS-980,170.5518,58.0375,
NGC3619,MATLAS-981,170.5527,58.1097,
NGC3610,MATLAS-982,170.5649,59.2901,
NGC3658,MATLAS-983,170.574,38.5276,
NGC3665,MATLAS-984,170.5741,39.0399,
NGC3619,MATLAS-985,170.579,58.0612,
NGC3658,MATLAS-986,170.598,38.6798,
NGC3658,MATLAS-987,170.6945,38.4596,
NGC3658,MATLAS-988,170.7,38.3215,
NGC3640,MATLAS-989,170.704,3.2024,
NGC3674,MATLAS-990,170.709,56.7401,
NGC3674,MATLAS-991,170.7138,56.915,
NGC3640,MATLAS-992,170.7233,3.2479,
NGC3658,MATLAS-993,170.757,38.5199,
NGC3658,MATLAS-994,170.7649,38.4315,
NGC3648,MATLAS-995,170.779,39.9568,
NGC3665,MATLAS-996,170.788,39.2297,
NGC3674,MATLAS-997,170.7894,56.8398,
NGC3658,MATLAS-998,170.7974,38.637,
NGC3648,MATLAS-999,170.804,39.7553,
NGC3658,MATLAS-1000,170.8503,38.3924,
NGC3658,MATLAS-1001,170.8536,38.2228,
NGC3648,MATLAS-1002,170.872,39.7824,
NGC3674,MATLAS-1003,170.881,57.2746,
NGC3658,MATLAS-1004,170.9076,38.7566,
NGC3658,MATLAS-1005,170.94,38.5667,
NGC3658,MATLAS-1006,170.9671,38.224,
NGC3658,MATLAS-1007,171.0518,38.5146,
NGC3658,MATLAS-1008,171.0526,38.5755,
NGC3665,MATLAS-1009,171.06,39.3874,
NGC3665,MATLAS-1010,171.074,38.7217,
NGC3648,MATLAS-1011,171.075,39.9751,
NGC3665,MATLAS-1012,171.0837,38.8238,
NGC3648,MATLAS-1013,171.092,39.5775,
NGC3665,MATLAS-1014,171.0953,38.976,
NGC3665,MATLAS-1015,171.0988,38.8399,
NGC3648,MATLAS-1016,171.116,39.8146,
NGC3665,MATLAS-1017,171.1213,38.7955,
NGC3665,MATLAS-1018,171.1308,38.7809,
NGC3658,MATLAS-1019,171.1817,38.5899,
NGC3674,MATLAS-1020,171.2,57.6341,
NGC3665,MATLAS-1021,171.225,38.7272,
NGC3665,MATLAS-1022,171.2456,38.6732,
NGC3665,MATLAS-1023,171.2582,39.1223,
NGC3674,MATLAS-1024,171.2646,56.9362,
NGC3665,MATLAS-1025,171.3087,38.758,
NGC3665,MATLAS-1026,171.328,38.7725,
NGC3665,MATLAS-1027,171.351,38.618,
NGC3665,MATLAS-1028,171.374,39.0738,
NGC3665,MATLAS-1029,171.3923,38.9089,
NGC3665,MATLAS-1030,171.404,38.8881,
NGC3665,MATLAS-1031,171.408,38.9716,
NGC3665,MATLAS-1032,171.4225,38.8498,
NGC3674,MATLAS-1033,171.433,56.8657,
NGC3665,MATLAS-1034,171.4557,39.0182,
NGC3665,MATLAS-1035,171.456,38.8729,
NGC3674,MATLAS-1036,171.481,57.4466,
NGC3665,MATLAS-1037,171.4849,38.9473,
NGC3665,MATLAS-1038,171.5173,38.9456,
NGC3665,MATLAS-1039,171.5483,38.9774,
NGC3665,MATLAS-1040,171.5709,38.488,
NGC3674,MATLAS-1041,171.5827,57.1629,
NGC3665,MATLAS-1042,171.608,38.7955,
NGC3694,MATLAS-1043,171.6143,35.2649,
NGC3674,MATLAS-1044,171.6164,57.1284,
NGC3694,MATLAS-1045,171.6327,35.3471,
NGC3674,MATLAS-1046,171.6328,57.2649,
NGC3674,MATLAS-1047,171.6529,57.6057,
NGC3694,MATLAS-1048,171.659,35.2798,
NGC3674,MATLAS-1049,171.664,56.8843,
NGC3694,MATLAS-1050,171.692,35.1655,
NGC3665,MATLAS-1051,171.7102,38.9535,
NGC3694,MATLAS-1052,171.72,35.3938,
NGC3665,MATLAS-1053,171.757,38.9305,
NGC3694,MATLAS-1054,171.7575,35.2474,
NGC3665,MATLAS-1055,171.7979,39.3276,
NGC3665,MATLAS-1056,171.799,39.2536,
NGC3674,MATLAS-1057,171.9599,56.7958,
NGC3674,MATLAS-1058,171.9613,56.8801,
NGC3674,MATLAS-1059,171.9652,56.855,
NGC3674,MATLAS-1060,171.972,56.8603,
NGC3674,MATLAS-1061,171.9743,57.245,
NGC3674,MATLAS-1062,172.0299,56.9117,
NGC3674,MATLAS-1063,172.1317,57.0064,
NGC3694,MATLAS-1064,172.1835,35.1037,
NGC3674,MATLAS-1065,172.198,56.746,
NGC3694,MATLAS-1066,172.223,35.8533,
NGC3694,MATLAS-1067,172.2542,35.6365,
NGC3674,MATLAS-1068,172.263,56.8666,
NGC3757,MATLAS-1069,173.825,58.8884,
NGC3757,MATLAS-1070,173.8679,58.2754,
NGC3757,MATLAS-1071,173.9721,58.3816,
NGC3757,MATLAS-1072,174.103,58.2903,
NGC3757,MATLAS-1073,174.4956,58.3821,
NGC3796,MATLAS-1074,174.5984,59.8,
NGC3796,MATLAS-1075,174.6831,60.0323,
NGC3796,MATLAS-1076,174.7673,59.7574,
NGC3757,MATLAS-1077,174.7772,58.6189,
NGC3796,MATLAS-1078,174.7864,59.9216,
NGC3796,MATLAS-1079,174.873,60.0929,
NGC3796,MATLAS-1080,174.8823,59.8722,
NGC3796,MATLAS-1081,174.9967,60.016,
NGC3796,MATLAS-1082,175.1124,60.3658,
NGC3796,MATLAS-1083,175.144,60.9042,
NGC3838,MATLAS-1084,175.242,57.8284,
NGC3796,MATLAS-1085,175.2565,59.9265,
NGC3838,MATLAS-1086,175.2871,58.2286,
NGC3796,MATLAS-1087,175.291,59.84,
NGC3838,MATLAS-1088,175.385,57.8505,
NGC3838,MATLAS-1089,175.581,57.8962,
NGC3796,MATLAS-1090,175.6541,60.6068,
NGC3796,MATLAS-1091,175.689,59.8496,
NGC3796,MATLAS-1092,175.6936,60.3915,
NGC3838,MATLAS-1093,175.707,58.4669,
NGC3838,MATLAS-1094,175.7121,58.0949,
NGC3796,MATLAS-1095,175.7235,59.7975,
NGC3796,MATLAS-1096,175.8727,60.2868,
NGC3796,MATLAS-1097,175.919,59.7732,
NGC3838,MATLAS-1098,175.9395,58.5191,
NGC3838,MATLAS-1099,175.9596,58.1921,
NGC3838,MATLAS-1100,175.9981,57.8785,
NGC3796,MATLAS-1101,176.0243,60.0863,
NGC3838,MATLAS-1102,176.179,58.1719,
NGC3838,MATLAS-1103,176.204,57.8113,
NGC3838,MATLAS-1104,176.217,57.8736,
NGC3838,MATLAS-1105,176.978,58.3641,
NGC3945,MATLAS-1106,177.304,61.1948,
NGC3945,MATLAS-1107,177.8246,60.4367,
NGC3941,MATLAS-1108,177.8688,37.4096,
NGC3941,MATLAS-1109,178.0211,36.7401,
NGC3945,MATLAS-1110,178.072,60.6531,
NGC3941,MATLAS-1111,178.1421,37.1168,
NGC3941,MATLAS-1112,178.2889,36.6552,
NGC3945,MATLAS-1113,178.4545,60.8696,
NGC3941,MATLAS-1114,178.598,36.5864,
NGC3998,MATLAS-1115,178.665,54.9327,
NGC3945,MATLAS-1116,178.6859,61.1349,
NGC3998,MATLAS-1117,178.6986,55.1589,
NGC3998,MATLAS-1118,178.7126,55.3968,
NGC3998,MATLAS-1119,178.8553,55.9506,
NGC3998,MATLAS-1120,178.9199,55.3648,
NGC3945,MATLAS-1121,178.9377,61.2056,
NGC3998,MATLAS-1122,178.9691,55.4243,
NGC3998,MATLAS-1123,179.0043,55.8127,
NGC3998,MATLAS-1124,179.0393,55.2653,
NGC4026,MATLAS-1125,179.0678,51.2853,
NGC3945,MATLAS-1126,179.1023,60.388,
NGC3998,MATLAS-1127,179.2571,55.4198,
NGC3998,MATLAS-1128,179.2627,55.5869,
NGC3998,MATLAS-1129,179.3189,55.5436,
NGC4026,MATLAS-1130,179.509,51.3489,
NGC3998,MATLAS-1131,179.511,55.2464,
NGC3998,MATLAS-1132,179.5569,55.388,
NGC4026,MATLAS-1133,179.5807,51.5182,
NGC4036,MATLAS-1134,179.5869,61.8601,
NGC3998,MATLAS-1135,179.6012,55.8408,
NGC3998,MATLAS-1136,179.7046,55.307,
NGC3998,MATLAS-1137,179.706,55.5881,
NGC4026,MATLAS-1138,179.7511,51.0024,
NGC3998,MATLAS-1139,179.849,55.4226,
NGC3998,MATLAS-1140,179.8946,54.9784,
NGC4036,MATLAS-1141,179.941,61.5298,
NGC4026,MATLAS-1142,179.961,50.4988,
NGC4036,MATLAS-1143,180.0308,61.4838,
NGC3998,MATLAS-1144,180.0504,55.2947,
NGC3998,MATLAS-1145,180.0713,55.6869,
NGC3998,MATLAS-1146,180.09,54.9393,
NGC4026,MATLAS-1147,180.1353,50.7664,
NGC4036,MATLAS-1148,180.172,61.7846,
NGC4026,MATLAS-1149,180.2063,50.4553,
NGC4036,MATLAS-1150,180.2197,61.9368,
NGC3998,MATLAS-1151,180.2514,55.0248,
NGC3998,MATLAS-1152,180.2909,55.6715,
NGC3998,MATLAS-1153,180.3317,54.987,
NGC4036,MATLAS-1154,180.3999,61.8362,
NGC4036,MATLAS-1155,180.4679,61.881,
NGC4036,MATLAS-1156,180.4846,62.1661,
NGC4036,MATLAS-1157,180.679,62.4972,
NGC4036,MATLAS-1158,180.7527,61.742,
NGC4036,MATLAS-1159,180.836,61.9042,
NGC4078,MATLAS-1160,181.1015,10.1937,
NGC4036,MATLAS-1161,181.126,61.9676,
NGC4078,MATLAS-1162,181.1508,10.2672,
NGC4078,MATLAS-1163,181.1609,10.5333,
NGC4111,MATLAS-1164,181.166,43.3886,
NGC4111,MATLAS-1165,181.1703,43.0563,
NGC4111,MATLAS-1166,181.179,42.5788,
NGC4036,MATLAS-1167,181.2273,61.8386,
NGC4111,MATLAS-1168,181.23,43.622,
NGC4111,MATLAS-1169,181.231,43.5102,
NGC4111,MATLAS-1170,181.2582,42.7957,
NGC4036,MATLAS-1171,181.3403,62.3161,
NGC4078,MATLAS-1172,181.355,10.6468,
NGC4036,MATLAS-1173,181.3558,62.1362,
NGC4078,MATLAS-1174,181.3757,11.1305,
NGC4078,MATLAS-1175,181.3837,10.6093,
NGC4078,MATLAS-1176,181.4339,11.1186,
NGC4036,MATLAS-1177,181.4412,61.9456,
NGC4078,MATLAS-1178,181.4505,10.6787,
NGC4078,MATLAS-1179,181.469,10.7971,
NGC4111,MATLAS-1180,181.496,42.9026,
NGC4111,MATLAS-1181,181.6031,42.9068,
NGC4111,MATLAS-1182,181.6172,43.0199,
NGC4111,MATLAS-1183,181.649,43.2168,
NGC4119,MATLAS-1184,181.8385,10.953,
NGC4111,MATLAS-1185,181.8507,42.9868,
NGC4119,MATLAS-1186,181.9239,10.9528,
NGC4119,MATLAS-1187,181.9449,10.7507,
NGC4111,MATLAS-1188,181.97,43.1116,
NGC4150,MATLAS-1189,182.2078,30.4977,
NGC4150,MATLAS-1190,182.226,30.4147,
NGC4150,MATLAS-1191,182.2618,30.6324,
NGC4111,MATLAS-1192,182.3153,42.5835,
NGC4150,MATLAS-1193,182.4155,30.1327,
NGC4150,MATLAS-1194,182.445,30.6529,
NGC4150,MATLAS-1195,182.648,30.304,
NGC4150,MATLAS-1196,182.7063,30.3412,
NGC4150,MATLAS-1197,182.8698,30.7781,
NGC4191,MATLAS-1198,183.094,6.9799,
NGC4191,MATLAS-1199,183.295,7.2195,
NGC4191,MATLAS-1200,183.3363,7.1881,
NGC4191,MATLAS-1201,183.3844,6.9657,
NGC4191,MATLAS-1202,183.4653,7.3332,
NGC4191,MATLAS-1203,183.4715,7.4545,
NGC4203,MATLAS-1204,183.4926,33.202,
NGC4191,MATLAS-1205,183.5229,7.1086,
NGC4215,MATLAS-1206,183.5296,5.9013,
NGC4215,MATLAS-1207,183.5465,5.8942,
NGC4191,MATLAS-1208,183.5616,7.4521,
NGC4191,MATLAS-1209,183.598,6.7646,
NGC4191,MATLAS-1210,183.6107,7.4611,
NGC4191,MATLAS-1211,183.6149,7.0241,
NGC4215,MATLAS-1212,183.617,5.9086,
NGC4215,MATLAS-1213,183.6382,6.7072,
NGC4215,MATLAS-1214,183.7028,6.5988,
NGC4215,MATLAS-1215,183.7841,6.5687,
NGC4191,MATLAS-1216,183.7925,7.3112,
NGC4215,MATLAS-1217,183.8213,6.3933,
NGC4203,MATLAS-1218,183.859,33.3919,
NGC4191,MATLAS-1219,183.8641,7.8029,
NGC4191,MATLAS-1220,183.9277,7.4502,
NGC4215,MATLAS-1221,184.0248,6.4896,
NGC4203,MATLAS-1222,184.0367,32.8829,
NGC4203,MATLAS-1223,184.04,33.5924,
NGC4251,MATLAS-1224,184.0704,28.7364,
NGC4251,MATLAS-1225,184.1047,27.7437,
NGC4251,MATLAS-1226,184.107,27.914,
NGC4215,MATLAS-1227,184.113,6.0528,
NGC4203,MATLAS-1228,184.114,33.6938,
NGC4215,MATLAS-1229,184.1249,6.2539,
NGC4215,MATLAS-1230,184.141,6.8349,
NGC4203,MATLAS-1231,184.1523,33.4982,
NGC4215,MATLAS-1232,184.1771,6.6895,
NGC4203,MATLAS-1233,184.207,33.6067,
NGC4215,MATLAS-1234,184.2214,6.9116,
NGC4215,MATLAS-1235,184.2357,6.5864,
NGC4215,MATLAS-1236,184.2499,6.5757,
NGC4251,MATLAS-1237,184.2641,28.7605,
NGC4251,MATLAS-1238,184.301,28.0515,
NGC4215,MATLAS-1239,184.319,5.9605,
NGC4251,MATLAS-1240,184.3269,28.5724,
NGC4259,MATLAS-1241,184.3398,5.6973,
NGC4259,MATLAS-1242,184.342,5.429,
NGC4251,MATLAS-1243,184.3611,27.9986,
NGC4259,MATLAS-1244,184.3658,5.592,
NGC4215,MATLAS-1245,184.3903,6.0166,
NGC4259,MATLAS-1246,184.4013,5.4247,
NGC4251,MATLAS-1247,184.4071,28.5888,
NGC4259,MATLAS-1248,184.4155,5.3419,
NGC4259,MATLAS-1249,184.4336,5.3309,
NGC4215,MATLAS-1250,184.4364,6.0828,
NGC4251,MATLAS-1251,184.4372,28.2905,
NGC4215,MATLAS-1252,184.44,6.431,
NGC4215,MATLAS-1253,184.4406,6.1448,
NGC4215,MATLAS-1254,184.4419,6.4234,
NGC4215,MATLAS-1255,184.442,6.0753,
NGC4259,MATLAS-1256,184.4415,5.4482,
NGC4215,MATLAS-1257,184.4415,6.1395,
NGC4278,MATLAS-1258,184.4453,29.2437,
NGC4251,MATLAS-1259,184.4443,28.8172,
NGC4251,MATLAS-1260,184.4524,28.4748,
NGC4215,MATLAS-1261,184.4652,6.0658,
NGC4215,MATLAS-1262,184.4664,5.9891,
NGC4259,MATLAS-1263,184.4691,5.4498,
NGC4259,MATLAS-1264,184.471,5.0277,
NGC4215,MATLAS-1265,184.4727,6.087,
NGC4215,MATLAS-1266,184.4818,6.1128,
NGC4251,MATLAS-1267,184.4952,27.8267,
NGC4259,MATLAS-1268,184.509,5.8266,
NGC4259,MATLAS-1269,184.5116,5.5414,
NGC4259,MATLAS-1270,184.532,5.9302,
NGC4278,MATLAS-1271,184.5344,29.818,
NGC4259,MATLAS-1272,184.542,5.538,
NGC4278,MATLAS-1273,184.5467,28.8859,
NGC4259,MATLAS-1274,184.552,5.6525,
NGC4251,MATLAS-1275,184.5524,28.7924,
NGC4251,MATLAS-1276,184.561,28.7806,
NGC4251,MATLAS-1277,184.5718,28.1163,
NGC4259,MATLAS-1278,184.5856,4.8539,
NGC4259,MATLAS-1279,184.5888,5.5603,
NGC4251,MATLAS-1280,184.601,27.7119,
NGC4259,MATLAS-1281,184.6043,4.9451,
NGC4259,MATLAS-1282,184.6056,5.1695,
NGC4259,MATLAS-1283,184.617,5.6157,
NGC4278,MATLAS-1284,184.62,28.8419,
NGC4251,MATLAS-1285,184.6219,28.6463,
NGC4259,MATLAS-1286,184.6305,4.9794,
NGC4259,MATLAS-1287,184.632,5.85,
NGC4259,MATLAS-1288,184.637,5.3992,
NGC4259,MATLAS-1289,184.6526,5.4239,
NGC4278,MATLAS-1290,184.6588,29.0093,
NGC4251,MATLAS-1291,184.665,28.7378,
NGC4259,MATLAS-1292,184.6756,5.6656,
NGC4278,MATLAS-1293,184.6807,29.6343,
NGC4259,MATLAS-1294,184.7209,5.6746,
NGC4259,MATLAS-1295,184.7395,5.7999,
NGC4259,MATLAS-1296,184.7548,5.7736,
NGC4259,MATLAS-1297,184.7614,5.0981,
NGC4278,MATLAS-1298,184.7631,28.9014,
NGC4278,MATLAS-1299,184.775,28.857,
NGC4259,MATLAS-1300,184.7747,5.7391,
NGC4259,MATLAS-1301,184.802,5.5582,
NGC4259,MATLAS-1302,184.802,5.3615,
NGC4259,MATLAS-1303,184.8048,5.2263,
NGC4259,MATLAS-1304,184.8149,5.3116,
NGC4259,MATLAS-1305,184.8212,5.5785,
NGC4259,MATLAS-1306,184.8249,5.6966,
NGC4259,MATLAS-1307,184.8297,5.2229,
NGC4259,MATLAS-1308,184.8342,5.4669,
NGC4259,MATLAS-1309,184.842,5.4437,
NGC4278,MATLAS-1310,184.8977,29.0836,
NGC4251,MATLAS-1311,184.927,28.6367,
NGC4278,MATLAS-1312,184.9313,29.6589,
NGC4278,MATLAS-1313,184.934,28.912,
NGC4259,MATLAS-1314,184.939,5.4559,
NGC4259,MATLAS-1315,184.9395,5.5039,
NGC4259,MATLAS-1316,184.9547,5.1852,
NGC4278,MATLAS-1317,184.9546,29.4049,
NGC4259,MATLAS-1318,184.9616,5.4826,
NGC4278,MATLAS-1319,184.98,29.4219,
NGC4278,MATLAS-1320,184.9971,29.4916,
NGC4259,MATLAS-1321,185.0148,5.7207,
NGC4259,MATLAS-1322,185.0165,5.4148,
NGC4259,MATLAS-1323,185.0229,5.3197,
NGC4251,MATLAS-1324,185.0241,28.5521,
NGC4259,MATLAS-1325,185.0325,5.9609,
NGC4259,MATLAS-1326,185.0365,5.8777,
NGC4259,MATLAS-1327,185.0524,5.4375,
NGC4259,MATLAS-1328,185.0581,4.973,
NGC4259,MATLAS-1329,185.0592,5.916,
NGC4251,MATLAS-1330,185.0599,27.9887,
NGC4259,MATLAS-1331,185.0609,5.3505,
NGC4259,MATLAS-1332,185.0673,5.0393,
NGC4259,MATLAS-1333,185.071,4.9282,
NGC4278,MATLAS-1334,185.0726,29.1025,
NGC4259,MATLAS-1335,185.0756,5.8024,
NGC4259,MATLAS-1336,185.0783,5.555,
NGC4251,MATLAS-1337,185.078,28.0257,
NGC4278,MATLAS-1338,185.0876,29.1427,
NGC4259,MATLAS-1339,185.0963,5.4656,
NGC4259,MATLAS-1340,185.0959,5.7124,
NGC4259,MATLAS-1341,185.1072,5.653,
NGC4278,MATLAS-1342,185.1123,29.8454,
NGC4278,MATLAS-1343,185.1277,29.5688,
NGC4259,MATLAS-1344,185.1393,5.9299,
NGC4259,MATLAS-1345,185.14,5.6633,
NGC4259,MATLAS-1346,185.161,5.909,
NGC4259,MATLAS-1347,185.167,5.105,
NGC4259,MATLAS-1348,185.1914,5.5082,
NGC4259,MATLAS-1349,185.2007,5.7818,
NGC4259,MATLAS-1350,185.2066,5.7397,
NGC4259,MATLAS-1351,185.2074,5.2068,
NGC4259,MATLAS-1352,185.2175,5.2323,
NGC4278,MATLAS-1353,185.2305,29.455,
NGC4259,MATLAS-1354,185.2346,5.1892,
NGC4259,MATLAS-1355,185.2531,5.026,
NGC4278,MATLAS-1356,185.2856,29.4894,
NGC4259,MATLAS-1357,185.3165,5.3196,
NGC4259,MATLAS-1358,185.323,5.146,
NGC4278,MATLAS-1359,185.3646,28.8181,
NGC4278,MATLAS-1360,185.4165,28.7297,
NGC4278,MATLAS-1361,185.425,28.9171,
NGC4278,MATLAS-1362,185.4413,29.0836,
NGC4278,MATLAS-1363,185.491,28.8856,
NGC4382,MATLAS-1364,185.8823,17.7946,
NGC4382,MATLAS-1365,185.889,17.8209,
NGC4382,MATLAS-1366,185.9287,18.662,
NGC4382,MATLAS-1367,185.9722,18.6325,
NGC4382,MATLAS-1368,185.988,18.2643,
NGC4382,MATLAS-1369,185.9995,17.6515,
NGC4382,MATLAS-1370,186.0585,18.6894,
NGC4382,MATLAS-1371,186.0868,17.879,
NGC4382,MATLAS-1372,186.1161,18.4567,
NGC4382,MATLAS-1373,186.129,18.7792,
NGC4382,MATLAS-1374,186.129,18.624,
NGC4382,MATLAS-1375,186.165,18.0627,
NGC4382,MATLAS-1376,186.2171,18.5442,
NGC4382,MATLAS-1377,186.2476,18.3033,
NGC4382,MATLAS-1378,186.2983,17.8939,
NGC4382,MATLAS-1379,186.397,17.6583,
NGC4382,MATLAS-1380,186.4021,17.7447,
NGC4382,MATLAS-1381,186.4069,17.8433,
NGC4382,MATLAS-1382,186.4271,17.9903,
NGC4382,MATLAS-1383,186.4802,18.3381,
NGC4382,MATLAS-1384,186.509,18.5828,
NGC4382,MATLAS-1385,186.5402,18.0867,
NGC4382,MATLAS-1386,186.5688,18.0857,
NGC4382,MATLAS-1387,186.6738,18.1371,
NGC4382,MATLAS-1388,186.7266,18.3937,
NGC4382,MATLAS-1389,186.7768,18.3349,
NGC4382,MATLAS-1390,186.8031,17.821,
NGC4382,MATLAS-1391,186.8705,18.7419,
PGC042549,MATLAS-1392,189.902,-5.2472,
PGC042549,MATLAS-1393,189.9051,-4.8152,
PGC042549,MATLAS-1394,190.034,-5.1065,
PGC042549,MATLAS-1395,190.0976,-5.3841,
PGC042549,MATLAS-1396,190.1129,-5.4482,
PGC042549,MATLAS-1397,190.1763,-4.8649,
NGC4636,MATLAS-1398,190.1996,2.9814,
NGC4636,MATLAS-1399,190.2029,3.2034,
NGC4623,MATLAS-1400,190.2123,7.9309,
NGC4623,MATLAS-1401,190.213,8.1263,
PGC042549,MATLAS-1402,190.225,-5.5494,
PGC042549,MATLAS-1403,190.234,-5.2235,
PGC042549,MATLAS-1404,190.2657,-5.0583,
PGC042549,MATLAS-1405,190.276,-5.0183,
NGC4623,MATLAS-1406,190.2923,8.0041,
PGC042549,MATLAS-1407,190.2976,-5.0395,
PGC042549,MATLAS-1408,190.2965,-5.0977,
PGC042549,MATLAS-1409,190.313,-4.9596,
PGC042549,MATLAS-1410,190.314,-4.7796,
NGC4643,MATLAS-1411,190.3297,1.5485,
NGC4643,MATLAS-1412,190.3293,2.1002,
PGC042549,MATLAS-1413,190.3429,-4.4653,
NGC4636,MATLAS-1414,190.3622,3.2201,
NGC4623,MATLAS-1415,190.3702,8.1894,
PGC042549,MATLAS-1416,190.3861,-4.9579,
PGC042549,MATLAS-1417,190.414,-4.9622,
NGC4636,MATLAS-1418,190.4252,2.3772,
NGC4636,MATLAS-1419,190.4304,2.8528,
PGC042549,MATLAS-1420,190.431,-4.8436,
PGC042549,MATLAS-1421,190.432,-5.178,
NGC4636,MATLAS-1422,190.4953,3.034,
NGC4643,MATLAS-1423,190.5155,2.1938,
NGC4636,MATLAS-1424,190.5252,2.5311,
NGC4643,MATLAS-1425,190.5355,1.9821,
PGC042549,MATLAS-1426,190.545,-5.4522,
NGC4623,MATLAS-1427,190.554,7.8203,
NGC4643,MATLAS-1428,190.6162,1.7275,
NGC4636,MATLAS-1429,190.6294,2.9575,
NGC4623,MATLAS-1430,190.673,7.8437,
NGC4643,MATLAS-1431,190.683,1.5597,
NGC4623,MATLAS-1432,190.687,7.3388,
NGC4636,MATLAS-1433,190.69,3.0356,
NGC4643,MATLAS-1434,190.7103,2.3226,
NGC4643,MATLAS-1435,190.7259,2.1206,
NGC4636,MATLAS-1436,190.7256,2.5218,
NGC4643,MATLAS-1437,190.7287,2.2526,
NGC4643,MATLAS-1438,190.7456,2.2369,
NGC4643,MATLAS-1439,190.7488,2.101,
NGC4636,MATLAS-1440,190.755,2.7998,
NGC4624,MATLAS-1441,190.7599,3.351,
NGC4643,MATLAS-1442,190.7752,2.3248,
NGC4623,MATLAS-1443,190.7766,8.2598,
NGC4623,MATLAS-1444,190.781,7.655,
NGC4636,MATLAS-1445,190.7978,2.8035,
NGC4643,MATLAS-1446,190.8078,2.1952,
PGC042549,MATLAS-1447,190.825,-4.8808,
NGC4624,MATLAS-1448,190.8376,3.4203,
NGC4643,MATLAS-1449,190.8408,1.8915,
NGC4624,MATLAS-1450,190.8441,3.2652,
NGC4624,MATLAS-1451,190.8967,3.3855,
NGC4643,MATLAS-1452,190.9,2.0286,
NGC4624,MATLAS-1453,190.9041,3.3629,
NGC4636,MATLAS-1454,190.9232,2.9461,
NGC4636,MATLAS-1455,190.925,2.8956,
NGC4636,MATLAS-1456,190.9321,2.4287,
NGC4624,MATLAS-1457,190.932,3.6027,
NGC4636,MATLAS-1458,190.973,2.6334,
NGC4624,MATLAS-1459,190.9768,3.6344,
NGC4624,MATLAS-1460,191.02,3.1776,
NGC4624,MATLAS-1461,191.0331,3.0062,
NGC4643,MATLAS-1462,191.0341,2.4082,
NGC4624,MATLAS-1463,191.0501,2.9648,
NGC4636,MATLAS-1464,191.0622,2.4621,
NGC4636,MATLAS-1465,191.0626,2.6202,
NGC4643,MATLAS-1466,191.07,2.171,
NGC4636,MATLAS-1467,191.0724,2.6674,
NGC4624,MATLAS-1468,191.1398,2.6951,
NGC4624,MATLAS-1469,191.1801,3.4351,
NGC4643,MATLAS-1470,191.2315,2.2961,
NGC4624,MATLAS-1471,191.2696,2.8648,
NGC4643,MATLAS-1472,191.2826,2.0449,
NGC4624,MATLAS-1473,191.4329,3.1475,
NGC4624,MATLAS-1474,191.4738,2.8821,
NGC4624,MATLAS-1475,191.518,2.9109,
NGC4684,MATLAS-1476,191.5301,-3.269,
NGC4690,MATLAS-1477,191.558,-1.1783,
NGC4624,MATLAS-1478,191.5827,2.8055,
NGC4690,MATLAS-1479,191.6369,-1.2935,
NGC4624,MATLAS-1480,191.638,3.2988,
NGC4624,MATLAS-1481,191.6552,3.1017,
NGC4690,MATLAS-1482,191.656,-2.116,
NGC4624,MATLAS-1483,191.6653,2.9663,
NGC4624,MATLAS-1484,191.706,3.0064,
NGC4624,MATLAS-1485,191.706,2.7135,
NGC4684,MATLAS-1486,191.7061,-2.5005,
NGC4690,MATLAS-1487,191.714,-1.5519,
NGC4697,MATLAS-1488,191.721,-6.1159,
NGC4684,MATLAS-1489,191.7392,-2.3602,
NGC4697,MATLAS-1490,191.789,-5.8581,
NGC4690,MATLAS-1491,191.801,-1.5692,
NGC4697,MATLAS-1492,191.809,-5.9576,
NGC4690,MATLAS-1493,191.8227,-1.7204,
NGC4690,MATLAS-1494,191.8468,-1.4045,
NGC4690,MATLAS-1495,191.8517,-1.5229,
NGC4690,MATLAS-1496,191.881,-1.2332,
NGC4690,MATLAS-1497,191.8999,-1.6508,
NGC4690,MATLAS-1498,191.9319,-1.9486,
NGC4684,MATLAS-1499,191.9892,-2.5431,
NGC4684,MATLAS-1500,192.0823,-3.1495,
NGC4690,MATLAS-1501,192.1131,-1.6673,
NGC4690,MATLAS-1502,192.1639,-1.7275,
NGC4697,MATLAS-1503,192.183,-5.2531,
NGC4697,MATLAS-1504,192.191,-5.8877,
NGC4697,MATLAS-1505,192.2631,-5.8814,
NGC4697,MATLAS-1506,192.273,-5.5413,
NGC4697,MATLAS-1507,192.3046,-6.1582,
NGC4697,MATLAS-1508,192.334,-5.4809,
NGC4690,MATLAS-1509,192.366,-1.3922,
NGC4697,MATLAS-1510,192.401,-5.7899,
NGC4697,MATLAS-1511,192.4119,-5.2749,
NGC4690,MATLAS-1512,192.42,-1.7988,
NGC4697,MATLAS-1513,192.47,-6.1242,
NGC4697,MATLAS-1514,192.48,-5.5892,
NGC4697,MATLAS-1515,192.526,-5.8136,
NGC4697,MATLAS-1516,192.5558,-5.5278,
NGC4753,MATLAS-1517,192.6038,-1.1623,
NGC4697,MATLAS-1518,192.6157,-5.3115,
NGC4753,MATLAS-1519,192.6779,-1.0548,
NGC4753,MATLAS-1520,192.6864,-0.8293,
NGC4753,MATLAS-1521,192.9813,-0.8079,
NGC4753,MATLAS-1522,193.14,-1.7302,
NGC4753,MATLAS-1523,193.2026,-0.9404,
NGC4753,MATLAS-1524,193.2296,-0.7089,
NGC4753,MATLAS-1525,193.341,-1.3567,
NGC4753,MATLAS-1526,193.3464,-1.3604,
NGC4753,MATLAS-1527,193.5065,-0.97,
NGC4753,MATLAS-1528,193.513,-1.6198,
NGC4753,MATLAS-1529,193.605,-1.4032,
NGC5198,MATLAS-1530,201.7938,46.6325,
NGC5198,MATLAS-1531,201.9061,46.9153,
NGC5198,MATLAS-1532,201.9709,46.4414,
NGC5198,MATLAS-1533,202.07,46.3837,
NGC5198,MATLAS-1534,202.1029,47.0652,
NGC5198,MATLAS-1535,202.1505,46.7678,
NGC5198,MATLAS-1536,202.228,46.6554,
NGC5198,MATLAS-1537,202.2963,46.3019,
NGC5198,MATLAS-1538,202.3495,46.6798,
NGC5198,MATLAS-1539,202.4219,46.644,
NGC5198,MATLAS-1540,202.4588,47.0077,
NGC5198,MATLAS-1541,202.4631,46.5826,
NGC5198,MATLAS-1542,202.4735,46.3721,
NGC5198,MATLAS-1543,202.6339,47.1377,
NGC5198,MATLAS-1544,202.665,46.944,
NGC5198,MATLAS-1545,202.7979,46.8161,
NGC5198,MATLAS-1546,202.991,46.2187,
NGC5198,MATLAS-1547,203.1911,47.0508,
NGC5273,MATLAS-1548,205.743,35.4188,
NGC5308,MATLAS-1549,205.8815,61.2374,
NGC5308,MATLAS-1550,205.965,60.689,
NGC5273,MATLAS-1551,206.0452,35.1733,
NGC5273,MATLAS-1552,206.0597,36.2329,
NGC5308,MATLAS-1553,206.2827,60.7115,
NGC5308,MATLAS-1554,206.2845,61.435,
NGC5308,MATLAS-1555,206.295,61.2595,
NGC5308,MATLAS-1556,206.4001,61.0938,
NGC5308,MATLAS-1557,206.4714,60.5438,
NGC5308,MATLAS-1558,206.4767,61.0976,
NGC5308,MATLAS-1559,206.5038,61.2243,
NGC5308,MATLAS-1560,206.513,60.9996,
NGC5322,MATLAS-1561,206.5125,60.2836,
NGC5308,MATLAS-1562,206.5261,60.7036,
NGC5308,MATLAS-1563,206.5928,60.622,
NGC5322,MATLAS-1564,206.603,59.8454,
NGC5308,MATLAS-1565,206.6061,60.745,
NGC5322,MATLAS-1566,206.6459,60.5427,
NGC5308,MATLAS-1567,206.6646,60.9262,
NGC5308,MATLAS-1568,206.6848,60.6797,
NGC5308,MATLAS-1569,206.692,60.7147,
NGC5308,MATLAS-1570,206.693,60.9867,
NGC5322,MATLAS-1571,206.8227,60.0428,
NGC5308,MATLAS-1572,206.8595,61.1413,
NGC5308,MATLAS-1573,206.8905,60.9546,
NGC5308,MATLAS-1574,207.024,61.173,
NGC5322,MATLAS-1575,207.0303,60.1742,
NGC5322,MATLAS-1576,207.0491,60.0852,
NGC5308,MATLAS-1577,207.0559,60.8858,
NGC5322,MATLAS-1578,207.0755,59.8329,
NGC5308,MATLAS-1579,207.0953,60.9742,
NGC5308,MATLAS-1580,207.1402,61.026,
NGC5308,MATLAS-1581,207.1819,61.0084,
NGC5322,MATLAS-1582,207.1968,60.11,
NGC5308,MATLAS-1583,207.236,61.1326,
NGC5308,MATLAS-1584,207.2521,60.7828,
NGC5308,MATLAS-1585,207.258,60.924,
NGC5322,MATLAS-1586,207.313,60.0593,
NGC5308,MATLAS-1587,207.3827,61.0162,
NGC5322,MATLAS-1588,207.4531,59.6494,
NGC5322,MATLAS-1589,207.4632,59.7278,
NGC5322,MATLAS-1590,207.5193,60.3828,
NGC5308,MATLAS-1591,207.5378,60.9503,
NGC5322,MATLAS-1592,207.5437,59.9287,
NGC5322,MATLAS-1593,207.579,60.2301,
NGC5322,MATLAS-1594,207.716,60.1532,
NGC5322,MATLAS-1595,207.7235,60.1419,
NGC5355,MATLAS-1596,207.7717,40.4189,
NGC5322,MATLAS-1597,207.8103,60.7411,
NGC5355,MATLAS-1598,207.8207,40.5175,
NGC5355,MATLAS-1599,207.8329,40.1927,
NGC5355,MATLAS-1600,207.8428,40.1787,
NGC5355,MATLAS-1601,207.8455,40.3373,
NGC5355,MATLAS-1602,207.8594,40.5865,
NGC5355,MATLAS-1603,207.8626,40.5975,
NGC5355,MATLAS-1604,207.9136,40.7375,
NGC5355,MATLAS-1605,207.9186,40.1492,
NGC5355,MATLAS-1606,208.0022,40.3767,
NGC5355,MATLAS-1607,208.0121,40.0316,
NGC5355,MATLAS-1608,208.0273,40.3293,
NGC5355,MATLAS-1609,208.0409,39.8027,
NGC5355,MATLAS-1610,208.051,40.0926,
NGC5379,MATLAS-1611,208.0588,59.185,
NGC5355,MATLAS-1612,208.0829,40.3266,
NGC5355,MATLAS-1613,208.0968,40.34,
NGC5379,MATLAS-1614,208.1014,59.8074,
NGC5355,MATLAS-1615,208.12,40.4081,
NGC5379,MATLAS-1616,208.122,59.8762,
NGC5379,MATLAS-1617,208.122,59.6742,
NGC5322,MATLAS-1618,208.1382,60.7149,
NGC5322,MATLAS-1619,208.1416,60.0496,
NGC5355,MATLAS-1620,208.1662,40.0739,
NGC5355,MATLAS-1621,208.1719,40.1951,
NGC5355,MATLAS-1622,208.1758,40.0349,
NGC5379,MATLAS-1623,208.1894,59.7553,
NGC5355,MATLAS-1624,208.2076,40.1553,
NGC5355,MATLAS-1625,208.2227,40.4227,
NGC5355,MATLAS-1626,208.242,40.2686,
NGC5355,MATLAS-1627,208.2426,40.1173,
NGC5355,MATLAS-1628,208.2579,40.4534,
NGC5355,MATLAS-1629,208.259,40.0946,
NGC5322,MATLAS-1630,208.2604,60.173,
NGC5355,MATLAS-1631,208.2776,40.5004,
NGC5355,MATLAS-1632,208.286,40.1089,
NGC5355,MATLAS-1633,208.3027,40.2438,
NGC5355,MATLAS-1634,208.3164,40.4662,
NGC5355,MATLAS-1635,208.3384,40.1895,
NGC5355,MATLAS-1636,208.3799,40.0308,
NGC5355,MATLAS-1637,208.4246,40.0801,
NGC5379,MATLAS-1638,208.427,60.0504,
NGC5355,MATLAS-1639,208.4631,40.2716,
NGC5379,MATLAS-1640,208.4707,59.2917,
NGC5379,MATLAS-1641,208.4874,59.3662,
NGC5355,MATLAS-1642,208.4941,40.2137,
NGC5355,MATLAS-1643,208.5225,40.2305,
NGC5355,MATLAS-1644,208.5264,40.1445,
NGC5355,MATLAS-1645,208.5342,40.3351,
NGC5355,MATLAS-1646,208.5349,40.0643,
NGC5355,MATLAS-1647,208.5436,40.2012,
NGC5355,MATLAS-1648,208.559,40.4773,
NGC5355,MATLAS-1649,208.634,40.1853,
NGC5379,MATLAS-1650,208.6615,59.7556,
UGC08876,MATLAS-1651,208.6705,46.4223,
NGC5379,MATLAS-1652,208.684,60.0756,
NGC5379,MATLAS-1653,208.684,60.0969,
NGC5355,MATLAS-1654,208.689,40.2371,
NGC5355,MATLAS-1655,208.7095,40.3116,
NGC5355,MATLAS-1656,208.719,39.9656,
NGC5379,MATLAS-1657,208.723,59.5401,
NGC5355,MATLAS-1658,208.7242,40.4471,
NGC5355,MATLAS-1659,208.726,40.5544,
NGC5355,MATLAS-1660,208.729,39.9775,
NGC5355,MATLAS-1661,208.7313,39.8204,
NGC5355,MATLAS-1662,208.7526,40.055,
NGC5355,MATLAS-1663,208.77,40.5714,
NGC5355,MATLAS-1664,208.7838,40.4447,
NGC5355,MATLAS-1665,208.7834,40.5842,
UGC08876,MATLAS-1666,208.813,46.5644,
NGC5379,MATLAS-1667,208.8193,59.7469,
NGC5355,MATLAS-1668,208.8242,40.1445,
NGC5355,MATLAS-1669,208.8267,40.5898,
NGC5355,MATLAS-1670,208.8591,40.2743,
NGC5355,MATLAS-1671,208.9059,40.2497,
NGC5355,MATLAS-1672,208.9065,40.6107,
NGC5355,MATLAS-1673,208.9275,39.8597,
NGC5379,MATLAS-1674,208.928,59.4668,
NGC5355,MATLAS-1675,208.9528,40.5707,
NGC5355,MATLAS-1676,208.998,40.5364,
NGC5355,MATLAS-1677,209.04,40.3016,
NGC5379,MATLAS-1678,209.1515,59.5647,
NGC5379,MATLAS-1679,209.157,59.3886,
NGC5379,MATLAS-1680,209.17,59.1508,
NGC5379,MATLAS-1681,209.278,59.4229,
NGC5379,MATLAS-1682,209.6448,60.1982,
NGC5422,MATLAS-1683,209.7205,55.2814,
NGC5379,MATLAS-1684,209.7374,59.9644,
UGC08876,MATLAS-1685,209.7549,46.1162,
NGC5422,MATLAS-1686,209.8044,55.594,
NGC5379,MATLAS-1687,209.8714,59.5691,
NGC5379,MATLAS-1688,209.9674,59.1399,
NGC5422,MATLAS-1689,210.143,55.2553,
NGC5422,MATLAS-1690,210.242,55.5681,
NGC5422,MATLAS-1691,210.4179,55.0157,
NGC5422,MATLAS-1692,210.5835,55.6552,
NGC5422,MATLAS-1693,210.7015,54.8219,
NGC5422,MATLAS-1694,210.7023,54.7372,
NGC5422,MATLAS-1695,210.7638,55.2078,
NGC5422,MATLAS-1696,210.7635,54.7867,
NGC5422,MATLAS-1697,210.7666,55.7082,
NGC5422,MATLAS-1698,210.9077,55.6645,
NGC5422,MATLAS-1699,210.9398,55.6648,
NGC5422,MATLAS-1700,210.9403,55.3929,
NGC5422,MATLAS-1701,210.969,55.5915,
NGC5485,MATLAS-1702,210.9818,55.0296,
NGC5422,MATLAS-1703,211.054,55.7265,
NGC5485,MATLAS-1704,211.1035,55.1039,
NGC5481,MATLAS-1705,211.1208,50.9266,
NGC5481,MATLAS-1706,211.135,51.235,
NGC5481,MATLAS-1707,211.2971,50.7018,
NGC5485,MATLAS-1708,211.3255,54.8978,
NGC5481,MATLAS-1709,211.3272,50.7322,
NGC5485,MATLAS-1710,211.387,54.4603,
NGC5481,MATLAS-1711,211.3908,50.6809,
NGC5485,MATLAS-1712,211.4119,55.1363,
NGC5481,MATLAS-1713,211.484,50.7846,
NGC5481,MATLAS-1714,211.4852,50.4324,
NGC5485,MATLAS-1715,211.538,55.2242,
NGC5481,MATLAS-1716,211.5515,50.8984,
NGC5481,MATLAS-1717,211.5553,50.8211,
NGC5485,MATLAS-1718,211.559,54.6876,
NGC5485,MATLAS-1719,211.5741,55.2737,
NGC5481,MATLAS-1720,211.5957,51.2501,
NGC5481,MATLAS-1721,211.6154,50.7532,
NGC5481,MATLAS-1722,211.6769,51.038,
NGC5485,MATLAS-1723,211.701,55.4024,
NGC5481,MATLAS-1724,211.7018,50.6492,
NGC5485,MATLAS-1725,211.7217,54.7774,
NGC5481,MATLAS-1726,211.7623,50.7208,
NGC5485,MATLAS-1727,211.777,54.9774,
NGC5481,MATLAS-1728,211.7829,50.6644,
NGC5485,MATLAS-1729,211.8134,54.8309,
NGC5485,MATLAS-1730,211.8376,55.0641,
NGC5481,MATLAS-1731,211.8529,50.7322,
NGC5485,MATLAS-1732,211.8655,55.2046,
NGC5485,MATLAS-1733,211.8658,54.6237,
NGC5485,MATLAS-1734,211.869,55.0837,
NGC5481,MATLAS-1735,211.8739,50.8408,
NGC5485,MATLAS-1736,211.888,55.5567,
NGC5481,MATLAS-1737,211.8981,50.5286,
NGC5485,MATLAS-1738,211.9,54.8744,
NGC5481,MATLAS-1739,211.902,50.417,
NGC5481,MATLAS-1740,211.9091,50.5051,
NGC5485,MATLAS-1741,211.9236,54.5887,
NGC5481,MATLAS-1742,211.9335,50.5533,
NGC5481,MATLAS-1743,211.963,50.9021,
NGC5481,MATLAS-1744,211.97,50.3967,
NGC5481,MATLAS-1745,211.978,50.5934,
NGC5485,MATLAS-1746,211.978,54.7036,
NGC5481,MATLAS-1747,211.993,50.8636,
NGC5485,MATLAS-1748,212.0389,55.1857,
NGC5485,MATLAS-1749,212.0904,55.4797,
NGC5485,MATLAS-1750,212.111,54.9092,
NGC5485,MATLAS-1751,212.1273,54.8802,
NGC5485,MATLAS-1752,212.1405,55.4471,
NGC5485,MATLAS-1753,212.1577,54.5375,
NGC5485,MATLAS-1754,212.182,55.1673,
NGC5485,MATLAS-1755,212.1908,55.287,
NGC5485,MATLAS-1756,212.1927,55.0838,
NGC5485,MATLAS-1757,212.205,54.8561,
NGC5485,MATLAS-1758,212.2323,55.0221,
NGC5500,MATLAS-1759,212.238,48.9504,
NGC5485,MATLAS-1760,212.2574,55.4689,
NGC5485,MATLAS-1761,212.2583,54.8627,
NGC5485,MATLAS-1762,212.2622,55.4256,
NGC5485,MATLAS-1763,212.287,54.6445,
NGC5485,MATLAS-1764,212.3196,55.0348,
NGC5485,MATLAS-1765,212.3413,55.3041,
NGC5493,MATLAS-1766,212.375,-5.3253,
NGC5500,MATLAS-1767,212.394,49.0443,
NGC5493,MATLAS-1768,212.427,-4.9312,
NGC5481,MATLAS-1769,212.4398,51.0588,
NGC5485,MATLAS-1770,212.5186,54.4422,
NGC5485,MATLAS-1771,212.5278,54.8025,
NGC5485,MATLAS-1772,212.5511,55.3732,
NGC5485,MATLAS-1773,212.5538,54.4463,
NGC5485,MATLAS-1774,212.5834,54.7639,
NGC5500,MATLAS-1775,212.6088,48.4432,
NGC5485,MATLAS-1776,212.6157,54.579,
NGC5500,MATLAS-1777,212.693,48.0887,
NGC5493,MATLAS-1778,212.7431,-4.4971,
NGC5493,MATLAS-1779,212.7722,-5.2221,
NGC5500,MATLAS-1780,212.794,48.3834,
NGC5493,MATLAS-1781,212.7999,-5.1036,
NGC5500,MATLAS-1782,212.811,48.6583,
NGC5500,MATLAS-1783,212.825,48.1951,
NGC5500,MATLAS-1784,212.825,48.1831,
NGC5500,MATLAS-1785,212.871,48.2844,
NGC5493,MATLAS-1786,212.9077,-4.5589,
NGC5493,MATLAS-1787,213.008,-4.8795,
NGC5493,MATLAS-1788,213.098,-4.7975,
NGC5493,MATLAS-1789,213.2297,-5.3862,
NGC5507,MATLAS-1790,213.235,-3.4556,
NGC5493,MATLAS-1791,213.2877,-4.7681,
NGC5507,MATLAS-1792,213.4056,-3.0932,
NGC5507,MATLAS-1793,213.4112,-3.3354,
NGC5507,MATLAS-1794,213.4693,-3.0559,
NGC5507,MATLAS-1795,213.557,-3.0563,
NGC5507,MATLAS-1796,213.594,-3.0318,
NGC5557,MATLAS-1797,213.8768,36.2751,
NGC5557,MATLAS-1798,213.9279,36.4422,
NGC5557,MATLAS-1799,213.9563,36.2237,
NGC5557,MATLAS-1800,213.9893,36.2363,
NGC5557,MATLAS-1801,214.0784,36.3921,
NGC5557,MATLAS-1802,214.1941,35.9536,
NGC5557,MATLAS-1803,214.243,36.4538,
NGC5557,MATLAS-1804,214.324,36.693,
NGC5557,MATLAS-1805,214.3458,36.1995,
NGC5557,MATLAS-1806,214.3624,36.2744,
NGC5557,MATLAS-1807,214.3776,36.2944,
NGC5557,MATLAS-1808,214.3837,36.4094,
NGC5557,MATLAS-1809,214.4398,37.0001,
NGC5557,MATLAS-1810,214.47,36.3059,
NGC5557,MATLAS-1811,214.484,36.5248,
NGC5557,MATLAS-1812,214.5147,36.3412,
NGC5557,MATLAS-1813,214.5174,36.1843,
NGC5557,MATLAS-1814,214.5518,36.3723,
NGC5557,MATLAS-1815,214.5807,36.8616,
NGC5557,MATLAS-1816,214.5844,36.737,
NGC5557,MATLAS-1817,214.5931,36.6891,
NGC5557,MATLAS-1818,214.5972,36.8154,
NGC5557,MATLAS-1819,214.6004,36.425,
NGC5557,MATLAS-1820,214.6033,36.5575,
NGC5557,MATLAS-1821,214.6529,36.3636,
NGC5557,MATLAS-1822,214.6596,36.2621,
NGC5557,MATLAS-1823,214.7274,36.1899,
NGC5557,MATLAS-1824,214.7337,36.4832,
NGC5582,MATLAS-1825,214.7395,40.1889,
NGC5557,MATLAS-1826,214.761,36.6535,
NGC5582,MATLAS-1827,214.78,39.8142,
NGC5582,MATLAS-1828,214.8079,39.8419,
NGC5574,MATLAS-1829,214.8124,3.1244,
NGC5557,MATLAS-1830,214.853,36.502,
NGC5557,MATLAS-1831,214.8651,37.0045,
NGC5582,MATLAS-1832,214.8798,39.2676,
NGC5574,MATLAS-1833,214.8875,3.5137,
NGC5574,MATLAS-1834,214.9241,3.0774,
NGC5574,MATLAS-1835,214.9999,3.5544,
NGC5574,MATLAS-1836,215.002,2.9278,
NGC5574,MATLAS-1837,215.0036,3.0697,
NGC5557,MATLAS-1838,215.005,36.7696,
NGC5557,MATLAS-1839,215.0253,36.913,
NGC5574,MATLAS-1840,215.0334,3.556,
NGC5582,MATLAS-1841,215.106,39.6474,
NGC5582,MATLAS-1842,215.1111,39.7869,
NGC5574,MATLAS-1843,215.1743,3.4606,
NGC5574,MATLAS-1844,215.1884,3.7809,
NGC5582,MATLAS-1845,215.2138,39.8003,
NGC5582,MATLAS-1846,215.2204,39.868,
NGC5574,MATLAS-1847,215.2256,3.371,
NGC5582,MATLAS-1848,215.228,39.9142,
NGC5582,MATLAS-1849,215.2608,39.9099,
NGC5582,MATLAS-1850,215.2992,39.7051,
NGC5574,MATLAS-1851,215.3011,3.8354,
NGC5574,MATLAS-1852,215.307,3.4202,
NGC5574,MATLAS-1853,215.4657,3.0737,
NGC5574,MATLAS-1854,215.4987,2.7875,
NGC5574,MATLAS-1855,215.5181,3.5866,
NGC5582,MATLAS-1856,215.5204,40.3408,
NGC5574,MATLAS-1857,215.5374,3.2727,
NGC5574,MATLAS-1858,215.6389,2.7878,
NGC5574,MATLAS-1859,215.6714,3.2984,
NGC5574,MATLAS-1860,215.6903,3.0183,
NGC5611,MATLAS-1861,215.722,32.7616,
NGC5631,MATLAS-1862,215.8373,57.2318,
NGC5611,MATLAS-1863,215.8407,32.9398,
NGC5582,MATLAS-1864,215.8504,40.3375,
NGC5631,MATLAS-1865,215.8694,56.2322,
NGC5582,MATLAS-1866,215.9446,39.5725,
NGC5611,MATLAS-1867,216.054,33.0283,
NGC5631,MATLAS-1868,216.0789,57.1279,
NGC5611,MATLAS-1869,216.1066,32.9949,
NGC5611,MATLAS-1870,216.188,33.6521,
NGC5611,MATLAS-1871,216.1911,32.8303,
NGC5631,MATLAS-1872,216.2551,56.9813,
NGC5611,MATLAS-1873,216.2926,33.3552,
NGC5631,MATLAS-1874,216.3177,56.9393,
NGC5611,MATLAS-1875,216.4086,32.8244,
NGC5631,MATLAS-1876,216.4444,57.2402,
NGC5631,MATLAS-1877,216.448,57.1552,
NGC5631,MATLAS-1878,216.4986,56.9972,
NGC5611,MATLAS-1879,216.592,33.2381,
NGC5611,MATLAS-1880,216.6349,33.2057,
NGC5631,MATLAS-1881,216.6796,56.4313,
NGC5631,MATLAS-1882,216.923,56.4026,
NGC5631,MATLAS-1883,216.9266,56.596,
NGC5631,MATLAS-1884,216.9481,56.7941,
NGC5631,MATLAS-1885,217.0548,56.4373,
NGC5631,MATLAS-1886,217.3111,56.9955,
NGC5631,MATLAS-1887,217.3437,57.2349,
NGC5631,MATLAS-1888,217.3904,56.5239,
IC1024,MATLAS-1889,217.3925,3.4059,
IC1024,MATLAS-1890,217.3955,3.0188,
IC1024,MATLAS-1891,217.4529,3.1835,
IC1024,MATLAS-1892,217.4782,3.2534,
IC1024,MATLAS-1893,217.5333,2.5096,
IC1024,MATLAS-1894,217.534,3.4596,
IC1024,MATLAS-1895,217.5502,3.1438,
IC1024,MATLAS-1896,217.551,3.6021,
IC1024,MATLAS-1897,217.5618,2.6539,
IC1024,MATLAS-1898,217.581,2.8468,
IC1024,MATLAS-1899,217.6127,3.0851,
IC1024,MATLAS-1900,217.6255,3.5796,
IC1024,MATLAS-1901,217.6295,3.195,
IC1024,MATLAS-1902,217.6811,3.3457,
IC1024,MATLAS-1903,217.6906,3.0401,
IC1024,MATLAS-1904,217.6946,3.1644,
IC1024,MATLAS-1905,217.7009,3.0097,
IC1024,MATLAS-1906,217.7065,2.6865,
IC1024,MATLAS-1907,217.7121,3.2066,
IC1024,MATLAS-1908,217.8791,3.4805,
IC1024,MATLAS-1909,217.8848,2.9004,
IC1024,MATLAS-1910,217.9146,3.3547,
IC1024,MATLAS-1911,217.9212,3.1076,
IC1024,MATLAS-1912,217.9425,3.1903,
IC1024,MATLAS-1913,217.971,3.3801,
IC1024,MATLAS-1914,218.0182,3.0302,
IC1024,MATLAS-1915,218.065,3.4771,
IC1024,MATLAS-1916,218.0821,3.1937,
IC1024,MATLAS-1917,218.1115,2.7578,
IC1024,MATLAS-1918,218.148,3.2812,
IC1024,MATLAS-1919,218.175,3.1638,
IC1024,MATLAS-1920,218.2181,3.5104,
IC1024,MATLAS-1921,218.238,3.2169,
IC1024,MATLAS-1922,218.2573,3.554,
IC1024,MATLAS-1923,218.328,3.4772,
IC1024,MATLAS-1924,218.367,2.8835,
IC1024,MATLAS-1925,218.373,3.51,
UGC09519,MATLAS-1926,221.264,34.477,
UGC09519,MATLAS-1927,221.398,34.5556,
UGC09519,MATLAS-1928,221.401,34.1787,
UGC09519,MATLAS-1929,221.6279,34.5826,
NGC5813,MATLAS-1930,224.7794,2.0624,
NGC5813,MATLAS-1931,224.8114,1.3007,
NGC5813,MATLAS-1932,224.9364,2.1313,
NGC5813,MATLAS-1933,224.9386,1.9372,
NGC5813,MATLAS-1934,224.997,1.1669,
NGC5813,MATLAS-1935,225.0354,1.5288,
NGC5813,MATLAS-1936,225.0535,1.5486,
NGC5813,MATLAS-1937,225.0718,1.9188,
NGC5813,MATLAS-1938,225.1376,2.2304,
NGC5813,MATLAS-1939,225.1386,1.3804,
NGC5813,MATLAS-1940,225.1748,1.7285,
NGC5813,MATLAS-1941,225.1937,1.5512,
NGC5813,MATLAS-1942,225.219,1.4051,
NGC5813,MATLAS-1943,225.2283,1.3419,
NGC5813,MATLAS-1944,225.2473,1.8768,
NGC5813,MATLAS-1945,225.2473,1.6492,
NGC5813,MATLAS-1946,225.2666,2.0427,
NGC5813,MATLAS-1947,225.2789,2.0905,
NGC5813,MATLAS-1948,225.311,1.8908,
NGC5813,MATLAS-1949,225.3139,1.4982,
NGC5813,MATLAS-1950,225.3157,1.7738,
NGC5813,MATLAS-1951,225.321,1.5923,
NGC5813,MATLAS-1952,225.3305,1.6053,
NGC5813,MATLAS-1953,225.409,1.7572,
NGC5813,MATLAS-1954,225.41,1.7223,
NGC5813,MATLAS-1955,225.4109,1.8703,
NGC5813,MATLAS-1956,225.4562,1.9313,
NGC5813,MATLAS-1957,225.4779,1.6258,
NGC5813,MATLAS-1958,225.487,1.2532,
NGC5831,MATLAS-1959,225.5174,1.127,
NGC5813,MATLAS-1960,225.535,2.2903,
NGC5831,MATLAS-1961,225.578,1.3238,
NGC5831,MATLAS-1962,225.6171,1.3644,
NGC5813,MATLAS-1963,225.6377,1.9357,
NGC5831,MATLAS-1964,225.6583,0.8137,
NGC5831,MATLAS-1965,225.662,1.4414,
NGC5831,MATLAS-1966,225.6719,1.3856,
NGC5831,MATLAS-1967,225.694,1.4327,
NGC5831,MATLAS-1968,225.7079,1.2742,
NGC5831,MATLAS-1969,225.718,1.4166,
NGC5813,MATLAS-1970,225.7351,1.677,
NGC5831,MATLAS-1971,225.7626,1.0795,
NGC5831,MATLAS-1972,225.7681,1.227,
NGC5831,MATLAS-1973,225.7791,1.6597,
NGC5866,MATLAS-1974,225.7827,55.4832,
NGC5831,MATLAS-1975,225.8389,1.4309,
NGC5831,MATLAS-1976,225.871,1.707,
NGC5831,MATLAS-1977,225.9013,1.4291,
NGC5831,MATLAS-1978,225.9234,0.9058,
NGC5838,MATLAS-1979,225.9344,2.5524,
NGC5866,MATLAS-1980,225.9495,56.2564,
NGC5831,MATLAS-1981,225.958,0.9771,
NGC5831,MATLAS-1982,225.9634,1.707,
NGC5831,MATLAS-1983,225.9881,1.4103,
NGC5838,MATLAS-1984,226.0015,2.0066,
NGC5831,MATLAS-1985,226.0105,1.3671,
NGC5838,MATLAS-1986,226.024,1.9501,
NGC5831,MATLAS-1987,226.035,1.5243,
NGC5831,MATLAS-1988,226.0365,0.9636,
NGC5831,MATLAS-1989,226.067,1.594,
NGC5831,MATLAS-1990,226.072,1.3105,
NGC5845,MATLAS-1991,226.0792,1.7555,
NGC5838,MATLAS-1992,226.0804,1.8849,
NGC5838,MATLAS-1993,226.0842,2.2689,
NGC5838,MATLAS-1994,226.1028,2.1147,
NGC5831,MATLAS-1995,226.1099,1.5957,
NGC5838,MATLAS-1996,226.109,1.9246,
NGC5838,MATLAS-1997,226.12,2.4122,
NGC5831,MATLAS-1998,226.1378,1.4941,
NGC5831,MATLAS-1999,226.1388,1.2017,
NGC5831,MATLAS-2000,226.1429,1.0326,
NGC5831,MATLAS-2001,226.1549,1.2486,
NGC5831,MATLAS-2002,226.1787,1.291,
NGC5831,MATLAS-2003,226.1798,0.9606,
NGC5831,MATLAS-2004,226.1816,1.1782,
NGC5838,MATLAS-2005,226.202,1.981,
NGC5866,MATLAS-2006,226.2085,55.6452,
NGC5838,MATLAS-2007,226.2123,2.2131,
NGC5838,MATLAS-2008,226.2224,2.0679,
NGC5838,MATLAS-2009,226.235,2.2574,
NGC5831,MATLAS-2010,226.2448,0.873,
NGC5845,MATLAS-2011,226.254,1.6097,
NGC5845,MATLAS-2012,226.2648,1.7719,
NGC5838,MATLAS-2013,226.269,1.9641,
NGC5838,MATLAS-2014,226.2866,2.1576,
NGC5831,MATLAS-2015,226.304,1.2908,
NGC5845,MATLAS-2016,226.314,1.5621,
NGC5866,MATLAS-2017,226.3168,55.828,
NGC5866,MATLAS-2018,226.3326,56.1174,
NGC5845,MATLAS-2019,226.334,1.8127,
NGC5845,MATLAS-2020,226.3336,1.3962,
NGC5838,MATLAS-2021,226.34,2.1722,
NGC5831,MATLAS-2022,226.3487,1.2434,
NGC5845,MATLAS-2023,226.3665,1.5944,
NGC5831,MATLAS-2024,226.369,1.2922,
NGC5845,MATLAS-2025,226.3777,1.5085,
NGC5866,MATLAS-2026,226.378,55.8666,
NGC5845,MATLAS-2027,226.3826,1.5877,
NGC5838,MATLAS-2028,226.3947,1.9098,
NGC5838,MATLAS-2029,226.4044,2.2509,
NGC5845,MATLAS-2030,226.4072,1.3032,
NGC5845,MATLAS-2031,226.4094,1.4406,
NGC5838,MATLAS-2032,226.4181,2.3331,
NGC5838,MATLAS-2033,226.429,2.0024,
NGC5831,MATLAS-2034,226.4437,1.0159,
NGC5838,MATLAS-2035,226.448,1.9442,
NGC5845,MATLAS-2036,226.4527,1.8044,
NGC5845,MATLAS-2037,226.456,1.4072,
NGC5831,MATLAS-2038,226.4585,0.8594,
NGC5845,MATLAS-2039,226.46,1.6326,
NGC5845,MATLAS-2040,226.4606,1.9084,
NGC5838,MATLAS-2041,226.465,2.1516,
NGC5838,MATLAS-2042,226.465,2.0114,
NGC5866,MATLAS-2043,226.4681,55.5333,
NGC5838,MATLAS-2044,226.472,2.0077,
NGC5838,MATLAS-2045,226.478,2.2025,
NGC5831,MATLAS-2046,226.4807,0.7188,
NGC5845,MATLAS-2047,226.4971,1.5859,
NGC5845,MATLAS-2048,226.5034,1.8737,
NGC5845,MATLAS-2049,226.5062,1.7298,
NGC5838,MATLAS-2050,226.5127,2.2616,
NGC5845,MATLAS-2051,226.5172,1.7324,
NGC5838,MATLAS-2052,226.5247,2.3876,
NGC5866,MATLAS-2053,226.5253,55.9577,
NGC5845,MATLAS-2054,226.5246,1.4281,
NGC5838,MATLAS-2055,226.553,2.1695,
NGC5845,MATLAS-2056,226.5624,1.8433,
NGC5845,MATLAS-2057,226.5655,1.4873,
NGC5845,MATLAS-2058,226.5698,1.873,
NGC5838,MATLAS-2059,226.5711,2.1011,
NGC5845,MATLAS-2060,226.5718,1.4277,
NGC5866,MATLAS-2061,226.5839,56.2992,
NGC5845,MATLAS-2062,226.5977,1.7273,
NGC5845,MATLAS-2063,226.6397,1.6553,
NGC5838,MATLAS-2064,226.6613,2.2715,
NGC5845,MATLAS-2065,226.6641,1.8344,
NGC5838,MATLAS-2066,226.664,2.2857,
NGC5838,MATLAS-2067,226.6659,2.034,
NGC5838,MATLAS-2068,226.6656,2.1625,
NGC5845,MATLAS-2069,226.6712,1.4357,
NGC5838,MATLAS-2070,226.7001,2.2495,
NGC5838,MATLAS-2071,226.7115,2.5391,
NGC5838,MATLAS-2072,226.7221,2.1608,
NGC5866,MATLAS-2073,226.727,55.5379,
NGC5845,MATLAS-2074,226.7325,1.3823,
NGC5845,MATLAS-2075,226.7356,1.7357,
NGC5845,MATLAS-2076,226.7397,1.2727,
NGC5845,MATLAS-2077,226.743,1.9945,
NGC5845,MATLAS-2078,226.755,1.6606,
NGC5845,MATLAS-2079,226.7668,1.8355,
NGC5845,MATLAS-2080,226.7768,1.1392,
NGC5845,MATLAS-2081,226.7767,1.6393,
NGC5838,MATLAS-2082,226.7806,2.5967,
NGC5866,MATLAS-2083,226.798,56.005,
NGC5866,MATLAS-2084,226.819,55.4746,
NGC5866,MATLAS-2085,226.8659,56.268,
NGC5845,MATLAS-2086,226.8657,1.3651,
NGC5845,MATLAS-2087,226.8687,1.3048,
NGC5845,MATLAS-2088,226.8973,1.9944,
NGC5845,MATLAS-2089,226.998,1.6249,
NGC5838,MATLAS-2090,227.0057,2.1512,
NGC5838,MATLAS-2091,227.0116,2.2354,
NGC5866,MATLAS-2092,227.019,55.3319,
NGC5866,MATLAS-2093,227.0216,56.2591,
NGC6010,MATLAS-2094,238.3115,0.7097,
NGC6010,MATLAS-2095,238.384,0.3949,
NGC6010,MATLAS-2096,238.5175,0.6143,
NGC6014,MATLAS-2097,238.661,6.4012,
NGC6010,MATLAS-2098,238.7639,0.4664,
NGC6014,MATLAS-2099,239.01,5.457,
NGC6014,MATLAS-2100,239.011,6.3885,
NGC6014,MATLAS-2101,239.025,5.9546,
NGC6014,MATLAS-2102,239.062,6.0974,
NGC6014,MATLAS-2103,239.0837,6.1882,
NGC6014,MATLAS-2104,239.153,6.1942,
NGC6014,MATLAS-2105,239.503,6.3116,
PGC056772,MATLAS-2106,240.188,6.8583,
PGC056772,MATLAS-2107,240.31,7.101,
PGC056772,MATLAS-2108,240.421,6.9859,
PGC056772,MATLAS-2109,240.452,6.8385,
PGC056772,MATLAS-2110,240.615,7.1055,
PGC056772,MATLAS-2111,240.634,6.9818,
PGC058114,MATLAS-2112,246.362,3.0924,
PGC058114,MATLAS-2113,246.783,3.066,
PGC058114,MATLAS-2114,246.785,3.2922,
NGC6278,MATLAS-2115,254.7279,23.1581,
NGC6278,MATLAS-2116,255.138,22.8661,
NGC6278,MATLAS-2117,255.3575,22.8731,
NGC6278,MATLAS-2118,255.505,23.1632,
NGC6278,MATLAS-2119,255.6,23.4279,
NGC6547,MATLAS-2120,270.7961,25.2896,
NGC6547,MATLAS-2121,271.0585,24.8558,
NGC6548,MATLAS-2122,271.175,18.6965,
NGC6547,MATLAS-2123,271.193,24.852,
NGC6547,MATLAS-2124,271.3416,24.8099,
NGC6547,MATLAS-2125,271.389,25.288,
NGC6548,MATLAS-2126,271.4073,18.5369,
NGC6548,MATLAS-2127,271.4844,18.7628,
NGC6547,MATLAS-2128,271.506,25.5167,
NGC6548,MATLAS-2129,271.592,18.354,
NGC6547,MATLAS-2130,271.622,25.689,
NGC6548,MATLAS-2131,271.7239,18.354,
NGC6548,MATLAS-2132,271.818,18.5268,
PGC061468,MATLAS-2133,272.0035,19.1953,
PGC061468,MATLAS-2134,272.299,19.2245,
PGC061468,MATLAS-2135,272.6597,18.7123,
NGC6703,MATLAS-2136,281.187,45.3001,
NGC6703,MATLAS-2137,281.5637,45.6575,
NGC6703,MATLAS-2138,281.593,45.2171,
NGC6703,MATLAS-2139,281.596,45.3083,
NGC6703,MATLAS-2140,281.821,45.0215,
NGC6703,MATLAS-2141,281.9047,45.6728,
NGC6703,MATLAS-2142,282.1,45.6045,
NGC6703,MATLAS-2143,282.3955,45.2479,
NGC6703,MATLAS-2144,282.5157,45.4553,
NGC6798,MATLAS-2145,290.314,54.0216,
NGC6798,MATLAS-2146,290.8808,53.7689,
NGC6798,MATLAS-2147,291.043,54.1436,
NGC6798,MATLAS-2148,291.0662,53.5975,
NGC6798,MATLAS-2149,291.103,53.2081,
NGC6798,MATLAS-2150,291.1929,53.5223,
NGC6798,MATLAS-2151,291.2463,53.829,
NGC6798,MATLAS-2152,291.356,53.4101,
NGC7280,MATLAS-2153,336.239,16.6636,
NGC7280,MATLAS-2154,336.499,16.011,
NGC7280,MATLAS-2155,337.0465,16.7897,
NGC7332,MATLAS-2156,338.919,23.6075,
NGC7332,MATLAS-2157,338.9918,23.8065,
NGC7332,MATLAS-2158,339.0488,23.7116,
NGC7332,MATLAS-2159,339.114,23.9005,
NGC7332,MATLAS-2160,339.116,23.7166,
NGC7332,MATLAS-2161,339.299,24.1739,
NGC7332,MATLAS-2162,339.5041,24.0971,
NGC7332,MATLAS-2163,339.6138,24.0832,
NGC7332,MATLAS-2164,339.86,24.1293,
NGC7457,MATLAS-2165,344.815,30.6312,
NGC7457,MATLAS-2166,344.8234,30.3219,
NGC7454,MATLAS-2167,344.898,16.7659,
NGC7457,MATLAS-2168,344.992,29.6923,
NGC7465,MATLAS-2169,345.0274,15.8304,
NGC7457,MATLAS-2170,345.136,30.706,
NGC7465,MATLAS-2171,345.1696,15.9258,
NGC7465,MATLAS-2172,345.2748,15.9193,
NGC7457,MATLAS-2173,345.298,30.272,
NGC7454,MATLAS-2174,345.3003,16.5416,
NGC7465,MATLAS-2175,345.413,16.1424,
NGC7454,MATLAS-2176,345.4377,16.4561,
NGC7465,MATLAS-2177,345.5062,15.8639,
NGC7465,MATLAS-2178,345.5275,15.9091,
NGC7465,MATLAS-2179,345.5553,15.6377,
NGC7457,MATLAS-2180,345.5648,30.0731,
NGC7465,MATLAS-2181,345.576,16.243,
NGC7465,MATLAS-2182,345.5865,15.9078,
NGC7457,MATLAS-2183,345.608,30.2041,
NGC7465,MATLAS-2184,345.6448,15.9791,
NGC7457,MATLAS-2185,345.662,30.3823,
NGC7465,MATLAS-2186,345.6795,15.9874,
NGC7465,MATLAS-2187,345.9371,16.4637,
PGC071531,MATLAS-2188,352.01,19.82,
PGC071531,MATLAS-2189,352.1476,19.6441,
PGC071531,MATLAS-2190,352.162,19.8329,
PGC071531,MATLAS-2191,352.179,19.9236,
PGC071531,MATLAS-2192,352.277,19.9579,
PGC071531,MATLAS-2193,352.3013,19.9616,
PGC071531,MATLAS-2194,352.3293,19.5644,
PGC071531,MATLAS-2195,352.334,19.8563,
PGC071531,MATLAS-2196,352.3683,20.2105,
PGC071531,MATLAS-2197,352.421,20.3375,
PGC071531,MATLAS-2198,352.4961,19.9471,
NGC7693,MATLAS-2199,353.4685,-1.8153,
NGC7710,MATLAS-2200,353.5115,-2.7104,
NGC7710,MATLAS-2201,353.5405,-2.7019,
NGC7710,MATLAS-2202,353.623,-3.3881,
NGC7710,MATLAS-2203,353.7329,-2.6141,
NGC7710,MATLAS-2204,353.7377,-2.8085,
NGC7710,MATLAS-2205,353.7376,-2.6548,
NGC7693,MATLAS-2206,353.7428,-1.26,
NGC7710,MATLAS-2207,353.899,-2.5529,
NGC7710,MATLAS-2208,354.3406,-3.2477,
NGC7710,MATLAS-2209,354.4143,-2.9482,
NGC7710,MATLAS-2210,354.416,-2.371,
